Nome,Idade,Gênero,Cargo,Experiência,Horas por semana,Percentual remoto,Satisfação,Estresse,Burnout
Max Ivanov,32,Masculino,Analyst,3,60,21,4.4,1,Não
Max Wang,40,Feminino,Engineer,9,47,67,2.09,2,Não
Nina Petrov,33,Feminino,Engineer,2,44,20,2.58,3,Não
John Ivanov,35,Feminino,Manager,6,44,70,3.23,8,Não
John Wang,59,Masculino,Sales,8,38,46,4.41,1,Não
Lily Smith,45,Feminino,Sales,11,44,90,4.31,7,Não
Max Garcia,31,Masculino,Sales,5,70,30,2.18,3,Não
Ivan Chen,39,Feminino,HR,17,31,53,3.95,4,Não
Kate Johnson,24,Masculino,Analyst,0,63,35,1.32,5,Não
Lily Wang,22,Masculino,Engineer,1,30,5,1.44,5,Não
Sam Kim,24,Masculino,Manager,1,45,50,4.41,10,Não
Max Wang,55,Masculino,HR,11,59,14,4.73,10,Não
Nina Chen,55,Masculino,Manager,11,34,1,1.69,2,Não
Lily Wang,53,Feminino,Sales,26,57,55,4.59,8,Não
Alex Kim,25,Masculino,Sales,0,67,8,3.36,3,Não
Ivan Wang,39,Feminino,Engineer,9,60,59,1.68,5,Não
John Brown,44,Feminino,Analyst,13,70,72,1.68,1,Não
Max Ivanov,60,Feminino,Sales,21,52,5,1.6,1,Não
Dina Petrov,49,Masculino,Manager,16,70,15,2.75,5,Não
Nina Ivanov,57,Masculino,Analyst,26,69,48,2.84,4,Não
Alex Ivanov,30,Masculino,Engineer,9,45,27,3.61,3,Não
Max Wang,23,Masculino,Engineer,2,31,10,4.04,2,Não
Ivan Ivanov,54,Feminino,Engineer,11,45,71,3.06,7,Não
Max Lee,28,Feminino,Sales,2,34,9,1.07,4,Não
Lily Garcia,43,Feminino,Engineer,8,49,19,1.07,1,Não
Kate Wang,41,Masculino,Manager,10,47,9,1.18,8,Não
Sam Johnson,58,Masculino,Manager,16,40,5,3.72,9,Não
Ivan Ivanov,24,Masculino,Analyst,2,52,96,4.04,4,Não
John Petrov,42,Masculino,Manager,0,38,76,2.29,1,Não
Max Ivanov,23,Feminino,Analyst,1,56,16,4.88,7,Não
Kate Garcia,47,Masculino,Manager,12,45,81,1.56,1,Não
Max Kim,46,Masculino,HR,11,67,95,2.74,4,Não
Dina Wang,34,Masculino,Engineer,1,59,17,4.51,3,Não
Kate Chen,47,Masculino,Manager,22,67,99,4.17,7,Não
Max Kim,34,Feminino,Analyst,8,67,57,2.0,4,Não
Nina Brown,40,Masculino,Engineer,0,69,76,2.19,6,Não
Leo Johnson,29,Masculino,HR,2,31,90,1.23,4,Não
Dina Wang,47,Masculino,Manager,13,32,66,2.82,2,Não
Sam Kim,54,Masculino,Manager,27,48,41,4.41,4,Não
Nina Smith,30,Masculino,HR,6,30,6,1.72,9,Não
John Smith,42,Masculino,Sales,19,30,49,4.56,9,Não
Alex Kim,49,Feminino,Engineer,12,47,60,3.22,4,Não
Leo Ivanov,52,Feminino,Analyst,7,37,19,1.2,1,Não
Leo Chen,43,Feminino,Sales,13,38,57,1.18,1,Não
Dina Smith,55,Feminino,Engineer,4,69,92,4.61,9,Não
Sam Johnson,52,Masculino,Analyst,6,65,40,4.04,3,Não
Lily Smith,43,Masculino,Manager,5,69,25,1.13,7,Não
John Kim,27,Feminino,Engineer,0,45,23,1.37,7,Não
Alex Wang,60,Feminino,HR,10,67,94,4.77,2,Não
Lily Johnson,42,Feminino,Manager,20,56,77,2.05,6,Não
Max Wang,54,Feminino,Sales,10,37,97,1.26,10,Não
Lily Johnson,25,Feminino,Manager,1,33,96,2.03,4,Não
Sam Brown,59,Feminino,Analyst,15,31,13,3.28,2,Não
Kate Kim,36,Feminino,Analyst,15,45,51,2.59,1,Não
John Wang,47,Masculino,Manager,9,37,25,3.45,4,Não
Max Brown,30,Masculino,Sales,1,64,82,2.35,6,Não
Lily Kim,53,Feminino,HR,8,46,66,4.12,4,Não
John Petrov,46,Feminino,Engineer,10,40,98,4.96,3,Não
Sam Lee,59,Masculino,HR,38,65,13,2.18,6,Não
Alex Chen,52,Masculino,Engineer,15,56,74,2.31,9,Sim
Alex Petrov,48,Feminino,Sales,2,51,72,3.92,10,Não
John Brown,33,Masculino,HR,10,58,82,1.81,2,Não
Dina Garcia,29,Feminino,Analyst,6,30,3,1.01,1,Não
Sam Garcia,38,Masculino,Engineer,10,40,19,2.04,3,Não
Dina Brown,44,Masculino,Manager,0,44,41,2.63,9,Não
Kate Chen,49,Masculino,Analyst,5,44,98,4.29,9,Não
Dina Brown,49,Masculino,Manager,25,55,25,3.31,2,Não
Max Ivanov,37,Feminino,Sales,0,40,21,3.78,5,Não
Nina Lee,31,Masculino,Manager,4,59,12,4.92,9,Não
Max Brown,27,Feminino,Engineer,5,30,8,1.72,3,Não
Max Chen,27,Masculino,HR,2,57,0,1.1,3,Não
Kate Kim,56,Masculino,Sales,0,61,43,4.44,7,Não
Ivan Johnson,32,Feminino,Engineer,2,46,61,2.56,9,Não
Dina Chen,53,Feminino,Sales,5,39,98,3.94,8,Não
Sam Brown,45,Masculino,Sales,24,31,36,3.47,1,Não
Lily Johnson,55,Feminino,Engineer,1,43,42,4.68,2,Não
Alex Johnson,44,Masculino,Engineer,21,53,44,1.68,3,Não
Kate Wang,31,Feminino,HR,8,57,70,2.15,7,Não
Max Brown,38,Masculino,Analyst,9,41,64,3.93,6,Não
Sam Kim,46,Masculino,Manager,7,56,89,3.8,2,Não
Nina Garcia,43,Masculino,Analyst,0,45,6,3.28,3,Não
Kate Petrov,39,Masculino,Engineer,1,67,55,1.6,3,Não
Kate Petrov,45,Masculino,Manager,0,60,81,3.68,2,Não
Alex Lee,36,Feminino,Engineer,2,42,57,2.84,1,Não
Lily Petrov,49,Masculino,Analyst,5,63,14,3.81,10,Não
Alex Wang,44,Feminino,Analyst,13,58,18,1.18,6,Não
Lily Smith,40,Masculino,Sales,2,53,72,2.73,9,Sim
Lily Chen,35,Feminino,Analyst,6,61,24,4.35,5,Não
Alex Ivanov,42,Feminino,Sales,0,42,69,3.17,5,Não
Alex Johnson,27,Masculino,Engineer,3,68,98,4.82,3,Não
Kate Petrov,42,Masculino,Engineer,11,58,83,4.38,10,Não
Max Petrov,48,Masculino,HR,12,52,10,1.19,10,Sim
Max Lee,55,Masculino,Engineer,22,30,50,1.78,4,Não
John Garcia,36,Feminino,Sales,8,33,83,4.79,6,Não
Alex Chen,54,Feminino,Engineer,0,42,86,4.4,10,Não
Dina Brown,55,Feminino,Analyst,8,38,32,2.47,8,Não
Leo Garcia,42,Feminino,Engineer,21,45,70,2.13,10,Não
Sam Kim,36,Feminino,Manager,1,54,39,3.27,8,Não
John Smith,50,Masculino,Analyst,0,52,53,2.26,6,Não
John Johnson,25,Feminino,Engineer,3,33,16,3.26,6,Não
Alex Wang,33,Feminino,Manager,3,37,2,1.47,10,Não
Dina Garcia,55,Feminino,Manager,34,33,39,4.08,5,Não
Leo Johnson,51,Masculino,Sales,8,40,77,2.07,10,Não
Sam Garcia,27,Feminino,Sales,2,68,28,2.99,4,Não
John Petrov,38,Feminino,Manager,10,58,42,4.39,8,Não
Lily Kim,29,Masculino,Engineer,7,52,79,3.27,7,Não
Sam Wang,57,Masculino,HR,33,30,23,3.26,8,Não
Kate Wang,33,Feminino,Analyst,3,35,73,1.87,8,Não
Ivan Kim,43,Feminino,Sales,20,42,96,1.1,7,Não
Max Chen,42,Masculino,HR,3,45,90,2.06,6,Não
Max Smith,36,Masculino,HR,15,41,54,4.64,9,Não
Ivan Garcia,35,Masculino,Engineer,14,66,88,4.31,9,Não
John Ivanov,35,Feminino,Engineer,13,35,27,2.57,5,Não
John Garcia,36,Feminino,Sales,0,47,15,4.59,8,Não
Lily Smith,53,Masculino,HR,1,70,32,3.95,2,Não
Dina Brown,54,Masculino,Engineer,10,50,2,1.83,7,Não
Nina Brown,46,Feminino,Analyst,10,33,96,3.65,5,Não
John Chen,33,Masculino,Sales,4,35,33,1.22,8,Não
Alex Lee,41,Masculino,Analyst,3,48,29,3.48,4,Não
John Johnson,44,Masculino,Sales,16,66,94,2.73,7,Não
Max Garcia,31,Masculino,Sales,7,61,0,4.43,4,Não
Ivan Brown,38,Masculino,Sales,0,43,36,1.08,2,Não
Kate Wang,42,Feminino,Manager,2,60,13,4.74,10,Não
Max Brown,46,Feminino,Manager,8,32,46,2.24,7,Não
Nina Garcia,35,Masculino,Engineer,6,48,46,2.23,2,Não
John Kim,47,Masculino,HR,21,34,30,4.94,2,Não
Kate Johnson,38,Feminino,Analyst,3,36,16,2.6,1,Não
Max Garcia,49,Masculino,HR,21,69,81,2.1,1,Não
Dina Johnson,54,Feminino,Engineer,23,36,17,1.86,6,Não
Kate Lee,42,Masculino,Sales,1,38,97,5.0,6,Não
Ivan Kim,60,Feminino,HR,14,67,37,3.56,3,Não
Lily Wang,28,Feminino,Sales,5,33,40,3.5,7,Não
John Brown,47,Masculino,Engineer,26,50,58,3.11,6,Não
Kate Garcia,36,Feminino,Engineer,12,31,15,2.18,9,Não
Lily Brown,22,Feminino,Analyst,0,69,71,4.5,8,Não
Dina Ivanov,41,Masculino,Analyst,19,63,12,2.73,4,Não
Lily Garcia,52,Masculino,Engineer,24,33,46,2.34,8,Não
Nina Petrov,28,Feminino,Sales,4,66,64,4.94,9,Não
Nina Petrov,22,Feminino,Manager,0,36,18,1.33,1,Não
Sam Kim,35,Masculino,Manager,2,39,35,1.28,2,Não
Kate Lee,35,Feminino,Sales,7,52,8,1.5,4,Não
Nina Lee,58,Masculino,Engineer,14,66,69,3.0,10,Não
Lily Petrov,42,Feminino,HR,3,39,20,1.11,4,Não
Leo Chen,31,Feminino,Manager,7,57,72,3.23,4,Não
Alex Chen,58,Masculino,Sales,26,39,89,1.25,5,Não
Nina Chen,51,Feminino,HR,28,34,54,1.6,4,Não
Alex Ivanov,47,Masculino,Engineer,14,59,80,1.66,9,Sim
Nina Chen,32,Feminino,Engineer,9,59,95,1.35,7,Não
Dina Chen,36,Feminino,Engineer,10,67,94,4.66,9,Não
Sam Johnson,48,Masculino,HR,11,65,54,3.3,4,Não
Sam Lee,32,Feminino,Engineer,5,66,50,4.26,6,Não
John Brown,31,Feminino,HR,6,34,55,4.12,3,Não
Nina Kim,23,Masculino,Manager,1,55,56,3.53,2,Não
Lily Petrov,46,Feminino,Analyst,14,62,36,3.49,3,Não
Leo Brown,24,Masculino,Manager,1,54,62,1.79,5,Não
Kate Ivanov,60,Feminino,Engineer,17,46,36,4.59,5,Não
Sam Petrov,57,Masculino,HR,35,52,64,3.81,2,Não
Ivan Brown,32,Feminino,Engineer,8,31,0,3.1,3,Não
Max Wang,43,Masculino,Sales,22,65,88,2.18,9,Sim
Nina Smith,40,Masculino,Manager,10,59,79,2.86,5,Não
Max Petrov,44,Feminino,Engineer,10,70,59,1.84,1,Não
Nina Smith,52,Masculino,Analyst,0,60,85,1.26,10,Sim
Dina Wang,47,Feminino,Engineer,22,56,1,1.26,1,Não
Kate Lee,39,Masculino,Analyst,12,60,74,1.83,3,Não
Alex Petrov,30,Masculino,Sales,1,46,62,2.77,1,Não
Lily Lee,26,Masculino,Engineer,4,40,22,2.8,7,Não
John Ivanov,28,Feminino,Analyst,5,51,15,4.43,9,Não
Lily Johnson,39,Masculino,Analyst,4,34,73,3.32,10,Não
Alex Brown,28,Feminino,Engineer,0,35,42,4.41,5,Não
Leo Wang,44,Feminino,Engineer,18,53,61,2.05,1,Não
Nina Lee,45,Feminino,HR,18,60,57,1.52,9,Sim
Sam Brown,29,Feminino,Engineer,7,31,8,1.99,9,Não
Sam Kim,50,Feminino,HR,28,54,41,4.84,8,Não
Nina Wang,39,Masculino,Manager,10,32,79,4.88,10,Não
Max Lee,58,Feminino,Manager,33,58,8,3.18,9,Não
Sam Smith,34,Masculino,Analyst,2,59,7,3.4,5,Não
John Petrov,44,Masculino,HR,7,57,47,1.19,3,Não
John Petrov,39,Feminino,Manager,15,38,25,1.93,7,Não
Kate Kim,49,Masculino,HR,5,33,34,1.93,7,Não
Leo Wang,41,Masculino,Manager,11,46,47,2.55,10,Não
Sam Kim,43,Feminino,Manager,9,50,35,2.32,6,Não
Nina Smith,42,Feminino,Manager,8,43,35,4.51,3,Não
Ivan Smith,51,Masculino,Engineer,15,30,62,4.24,3,Não
Lily Wang,50,Feminino,HR,14,32,13,3.19,6,Não
John Ivanov,49,Feminino,HR,8,44,58,3.2,3,Não
Ivan Ivanov,29,Feminino,Analyst,1,66,39,3.91,9,Não
Lily Wang,38,Feminino,Analyst,5,45,83,1.42,3,Não
Nina Smith,25,Feminino,HR,4,63,66,4.48,2,Não
Dina Smith,22,Masculino,Manager,0,56,17,1.04,9,Sim
Kate Kim,38,Masculino,Manager,0,39,35,1.55,9,Não
Nina Kim,34,Feminino,HR,13,43,11,1.64,4,Não
Kate Brown,59,Masculino,Engineer,26,62,80,3.96,9,Não
John Chen,29,Masculino,Analyst,4,35,33,4.22,8,Não
Dina Lee,35,Feminino,Sales,1,30,66,3.7,9,Não
Kate Johnson,33,Masculino,Sales,0,33,82,4.99,8,Não
Dina Wang,35,Masculino,Analyst,14,51,16,3.1,2,Não
Nina Kim,22,Masculino,Sales,0,64,35,4.34,6,Não
Max Johnson,33,Feminino,HR,5,59,71,1.18,4,Não
Max Kim,31,Masculino,Manager,7,55,48,2.35,3,Não
Dina Lee,40,Masculino,Manager,8,68,62,2.02,9,Sim
Kate Lee,56,Masculino,Manager,13,37,72,1.02,8,Não
Kate Lee,26,Feminino,Analyst,5,47,44,3.65,4,Não
John Wang,50,Feminino,Manager,17,52,97,3.02,2,Não
Lily Garcia,52,Feminino,Manager,10,34,77,1.64,8,Não
Leo Lee,59,Masculino,Analyst,30,43,73,2.0,3,Não
Lily Chen,37,Feminino,Sales,16,48,52,1.86,8,Não
Leo Garcia,26,Masculino,Manager,0,42,34,3.08,5,Não
Max Lee,51,Feminino,Manager,7,31,37,3.57,5,Não
Nina Garcia,27,Masculino,Manager,3,55,49,2.47,1,Não
Max Lee,38,Masculino,Sales,12,54,65,1.53,7,Não
Ivan Garcia,49,Masculino,Sales,5,53,100,3.9,8,Não
Alex Kim,32,Masculino,Sales,2,55,44,2.16,8,Sim
Kate Brown,38,Masculino,HR,0,52,19,2.33,6,Não
Dina Garcia,60,Masculino,Analyst,22,49,31,1.66,10,Não
Alex Chen,46,Feminino,Manager,4,38,78,4.57,7,Não
Sam Wang,56,Masculino,Sales,11,32,64,1.81,10,Não
Alex Garcia,36,Masculino,Analyst,0,44,56,1.96,9,Não
Dina Garcia,55,Masculino,Analyst,1,69,86,1.84,10,Sim
Lily Smith,50,Feminino,Analyst,22,67,42,3.62,5,Não
Dina Johnson,58,Feminino,Engineer,15,68,12,3.59,9,Não
Ivan Wang,50,Feminino,Manager,12,51,92,4.1,4,Não
Alex Kim,26,Feminino,HR,1,63,29,4.91,4,Não
Lily Ivanov,44,Feminino,Manager,1,65,56,3.6,7,Não
Leo Ivanov,54,Feminino,Engineer,1,43,34,4.89,1,Não
Ivan Ivanov,39,Masculino,HR,8,58,14,2.52,5,Não
Nina Wang,25,Feminino,Engineer,4,46,95,3.34,4,Não
Lily Ivanov,44,Feminino,Manager,21,53,7,3.59,9,Não
John Ivanov,34,Masculino,Engineer,11,63,22,1.47,5,Não
John Garcia,23,Feminino,Engineer,1,61,92,4.08,9,Não
Alex Smith,55,Masculino,Manager,2,70,58,1.6,7,Não
Max Ivanov,28,Feminino,Engineer,6,45,95,2.3,6,Não
Ivan Brown,25,Masculino,Sales,4,67,58,3.98,5,Não
Max Wang,32,Masculino,HR,2,31,90,2.0,10,Não
Alex Petrov,45,Masculino,Analyst,7,32,52,4.46,6,Não
Alex Johnson,36,Feminino,Manager,15,39,56,2.65,5,Não
Dina Johnson,34,Masculino,Analyst,0,36,27,3.32,7,Não
Alex Johnson,52,Masculino,Sales,8,61,23,1.24,10,Sim
John Garcia,44,Masculino,Manager,1,32,45,1.08,4,Não
Max Brown,52,Masculino,Sales,8,59,57,1.03,7,Não
Kate Chen,53,Feminino,Manager,2,53,35,2.7,1,Não
Sam Kim,45,Feminino,HR,5,49,73,1.16,5,Não
Alex Ivanov,42,Masculino,Analyst,18,47,66,2.33,10,Não
Kate Brown,37,Masculino,Manager,6,31,77,3.7,5,Não
Ivan Wang,45,Masculino,Analyst,18,36,51,3.03,3,Não
Alex Johnson,45,Masculino,Manager,20,45,3,1.4,2,Não
Lily Lee,25,Masculino,Engineer,0,40,30,4.01,10,Não
Alex Kim,31,Feminino,Analyst,7,41,10,2.72,10,Não
John Johnson,27,Masculino,Analyst,3,30,50,4.73,2,Não
Dina Lee,22,Masculino,Sales,0,68,22,1.26,1,Não
Alex Kim,54,Masculino,Analyst,17,36,100,3.38,1,Não
John Garcia,29,Masculino,Manager,0,51,16,1.63,6,Não
Max Johnson,27,Feminino,HR,5,47,46,3.5,2,Não
Sam Brown,50,Masculino,Sales,3,42,47,4.59,1,Não
Dina Petrov,37,Feminino,Analyst,0,46,66,3.3,10,Não
Alex Brown,45,Masculino,Manager,4,38,80,4.14,7,Não
Alex Garcia,31,Masculino,Manager,3,32,34,2.62,2,Não
John Brown,52,Masculino,HR,23,49,53,2.77,9,Não
Kate Lee,54,Masculino,Analyst,0,38,43,2.66,2,Não
Dina Wang,38,Feminino,Manager,12,37,15,3.13,10,Não
Alex Ivanov,40,Masculino,Manager,5,52,77,4.85,6,Não
Ivan Kim,47,Feminino,Manager,20,64,61,2.76,2,Não
Kate Brown,49,Masculino,Sales,20,43,16,3.18,7,Não
Alex Kim,31,Feminino,Analyst,2,51,75,3.07,7,Não
John Petrov,59,Masculino,HR,25,39,81,4.45,6,Não
Sam Garcia,22,Feminino,Sales,0,40,46,3.57,8,Não
Max Brown,45,Feminino,Analyst,6,35,19,1.33,1,Não
Lily Smith,35,Feminino,Analyst,1,50,22,4.02,10,Não
Dina Ivanov,26,Feminino,Sales,3,67,31,4.35,10,Não
John Ivanov,48,Masculino,Manager,18,62,41,1.09,9,Sim
Sam Ivanov,37,Feminino,Sales,16,69,6,4.33,7,Não
Alex Petrov,43,Masculino,Engineer,6,62,60,3.88,7,Não
Sam Ivanov,33,Masculino,Sales,7,43,82,1.79,3,Não
Max Wang,38,Masculino,Analyst,16,31,4,3.21,1,Não
Alex Ivanov,57,Masculino,Sales,15,61,26,3.82,1,Não
Alex Garcia,44,Masculino,Engineer,14,70,9,2.2,5,Não
Nina Smith,26,Feminino,Engineer,2,60,12,3.57,5,Não
John Wang,50,Feminino,Sales,24,31,60,2.87,5,Não
Nina Garcia,42,Feminino,Sales,11,43,12,4.2,3,Não
Lily Lee,47,Masculino,Engineer,10,40,62,1.25,4,Não
Lily Lee,24,Masculino,Manager,0,54,64,4.17,8,Não
Kate Chen,52,Feminino,Sales,18,51,21,1.78,7,Não
Nina Lee,45,Masculino,Analyst,9,58,46,3.33,6,Não
Sam Brown,22,Feminino,Engineer,0,48,33,2.37,3,Não
Nina Brown,52,Feminino,Manager,18,54,99,4.98,7,Não
Nina Ivanov,59,Masculino,Analyst,2,66,83,3.34,6,Não
Kate Ivanov,43,Feminino,Analyst,8,65,53,1.7,5,Não
Max Johnson,53,Feminino,Sales,12,64,14,4.0,4,Não
Leo Chen,24,Feminino,Analyst,1,50,90,1.52,7,Não
Lily Johnson,28,Feminino,Analyst,7,44,82,1.85,2,Não
Kate Petrov,44,Feminino,HR,20,40,74,4.17,6,Não
Sam Smith,42,Feminino,Analyst,16,30,73,3.74,3,Não
Kate Smith,28,Feminino,Analyst,2,43,5,4.08,8,Não
Leo Chen,43,Masculino,Analyst,3,52,8,4.66,6,Não
Max Wang,30,Masculino,Sales,0,46,14,2.13,7,Não
Sam Brown,24,Feminino,Sales,1,43,89,2.45,7,Não
Alex Kim,31,Feminino,Analyst,7,40,27,3.29,9,Não
Lily Lee,57,Feminino,Engineer,11,61,50,2.71,9,Sim
Sam Ivanov,40,Feminino,HR,1,64,42,3.23,1,Não
Lily Smith,34,Feminino,Sales,9,50,13,2.41,8,Não
Kate Kim,59,Feminino,Analyst,37,51,94,2.41,2,Não
Sam Johnson,42,Feminino,Analyst,18,31,82,2.27,5,Não
Max Garcia,57,Masculino,Engineer,23,41,7,1.31,1,Não
Alex Smith,24,Feminino,Engineer,0,48,26,4.3,7,Não
Lily Kim,58,Feminino,Sales,11,43,15,4.95,4,Não
Dina Petrov,41,Masculino,HR,20,46,27,4.72,2,Não
John Petrov,28,Masculino,Engineer,1,33,55,4.88,1,Não
Max Smith,53,Feminino,HR,32,51,11,2.36,3,Não
Sam Ivanov,31,Masculino,Manager,3,40,49,4.08,10,Não
Nina Chen,55,Feminino,Analyst,7,40,2,4.78,1,Não
Nina Kim,44,Feminino,Manager,14,65,96,3.4,2,Não
Alex Wang,40,Feminino,Analyst,17,49,95,2.33,2,Não
Kate Lee,49,Masculino,Analyst,18,62,69,4.93,5,Não
John Brown,22,Masculino,Engineer,1,64,94,4.05,1,Não
Dina Brown,47,Feminino,Manager,9,50,6,1.39,10,Não
Max Johnson,55,Masculino,Analyst,2,42,54,3.85,10,Não
Max Lee,46,Masculino,Engineer,22,60,40,3.33,5,Não
Sam Brown,23,Feminino,Manager,2,45,81,3.72,4,Não
Leo Wang,46,Masculino,Manager,2,48,53,4.39,3,Não
Leo Lee,33,Feminino,HR,7,46,82,1.49,5,Não
Alex Kim,27,Masculino,Manager,4,68,66,2.72,7,Não
John Garcia,29,Feminino,HR,3,68,41,3.48,1,Não
Sam Lee,25,Feminino,Sales,1,50,98,3.62,8,Não
Nina Johnson,25,Masculino,HR,4,51,34,2.32,1,Não
John Brown,37,Masculino,Analyst,11,58,22,1.53,2,Não
Alex Smith,28,Feminino,HR,2,59,42,2.92,9,Sim
Ivan Lee,33,Masculino,Sales,5,56,32,3.88,6,Não
John Kim,30,Feminino,Manager,3,38,9,3.66,1,Não
John Brown,46,Masculino,Analyst,2,69,42,1.9,10,Sim
Kate Lee,37,Feminino,Engineer,14,61,0,1.49,6,Não
Alex Ivanov,52,Feminino,Sales,22,51,65,4.86,7,Não
Nina Wang,27,Feminino,Analyst,5,44,63,3.92,8,Não
Dina Garcia,25,Masculino,Analyst,3,68,50,3.14,4,Não
Nina Brown,35,Masculino,Analyst,12,39,35,2.42,5,Não
Ivan Johnson,52,Masculino,Engineer,8,61,100,1.93,10,Sim
Lily Kim,37,Feminino,HR,2,63,96,1.64,7,Não
Alex Kim,44,Feminino,Sales,9,33,30,4.73,5,Não
Dina Chen,49,Masculino,Analyst,25,61,82,2.16,5,Não
Max Wang,45,Feminino,Manager,13,65,60,3.22,8,Não
Dina Garcia,23,Masculino,Analyst,0,60,53,4.14,5,Não
Sam Ivanov,60,Masculino,HR,33,70,55,3.83,7,Não
Dina Brown,57,Feminino,Analyst,1,61,31,2.38,5,Não
Dina Garcia,36,Feminino,Sales,2,54,35,4.66,9,Não
Alex Johnson,29,Masculino,HR,2,47,86,2.04,3,Não
John Johnson,53,Feminino,Engineer,5,60,23,4.2,5,Não
Kate Wang,40,Feminino,HR,9,44,68,4.88,3,Não
Sam Kim,58,Masculino,Sales,4,62,74,2.23,3,Não
John Lee,47,Masculino,Analyst,1,69,61,3.18,9,Não
Sam Johnson,25,Masculino,Analyst,2,40,53,3.99,6,Não
Nina Kim,48,Feminino,Manager,11,60,86,1.33,3,Não
Max Johnson,27,Masculino,Analyst,4,67,73,2.03,1,Não
Lily Ivanov,44,Masculino,Sales,6,63,51,3.27,4,Não
John Brown,32,Feminino,Analyst,4,34,44,2.8,2,Não
Lily Garcia,28,Feminino,Manager,6,48,77,3.65,9,Não
Max Wang,28,Masculino,Manager,7,62,37,2.29,8,Sim
John Lee,47,Feminino,Analyst,24,56,85,1.4,9,Sim
Dina Wang,27,Masculino,HR,3,68,84,2.65,1,Não
Kate Brown,40,Feminino,HR,19,32,1,4.01,6,Não
Max Chen,48,Feminino,HR,18,32,86,3.06,6,Não
Lily Kim,37,Masculino,Engineer,0,45,25,3.69,10,Não
Kate Garcia,31,Feminino,HR,2,42,42,3.61,7,Não
John Johnson,49,Feminino,Analyst,17,57,94,4.85,9,Não
Lily Smith,47,Feminino,Sales,20,39,8,1.66,4,Não
Kate Lee,55,Masculino,HR,18,30,11,4.76,6,Não
Leo Smith,32,Feminino,Sales,5,67,17,3.42,8,Não
Max Smith,38,Masculino,Analyst,5,45,53,4.33,7,Não
John Johnson,59,Masculino,Sales,14,70,1,2.73,2,Não
Alex Wang,40,Feminino,HR,3,58,60,4.87,6,Não
Sam Brown,59,Feminino,HR,8,59,74,2.34,5,Não
John Ivanov,59,Masculino,Engineer,20,63,24,2.16,8,Sim
Sam Kim,25,Feminino,HR,4,44,74,1.1,4,Não
Dina Garcia,23,Feminino,Sales,2,48,64,3.36,7,Não
Nina Brown,43,Feminino,Manager,15,59,88,4.37,7,Não
Kate Lee,45,Feminino,HR,15,32,16,1.93,5,Não
Kate Ivanov,31,Feminino,Sales,2,52,61,4.03,9,Não
Nina Smith,27,Feminino,Analyst,1,63,12,2.74,7,Não
Lily Petrov,37,Masculino,Sales,1,52,72,4.69,6,Não
Ivan Wang,60,Masculino,Analyst,28,47,59,2.59,9,Não
Lily Brown,37,Feminino,Engineer,4,48,0,3.23,4,Não
Kate Lee,29,Masculino,Manager,5,41,26,1.09,1,Não
Dina Smith,57,Masculino,Sales,8,51,52,1.85,10,Sim
Alex Johnson,46,Feminino,Manager,17,61,64,2.26,1,Não
John Wang,51,Masculino,Engineer,6,63,11,1.28,6,Não
Ivan Johnson,57,Feminino,Manager,8,37,10,3.35,2,Não
Kate Kim,31,Masculino,HR,1,67,87,4.85,6,Não
Alex Lee,42,Masculino,Engineer,9,37,82,1.48,4,Não
Dina Garcia,26,Masculino,HR,5,38,52,1.99,7,Não
Lily Smith,49,Feminino,Analyst,11,49,6,2.66,4,Não
Nina Kim,27,Feminino,Manager,0,35,25,2.79,4,Não
Alex Garcia,46,Masculino,Sales,25,58,93,4.21,3,Não
Leo Chen,25,Masculino,HR,4,69,9,3.87,5,Não
Dina Petrov,44,Masculino,HR,12,36,91,2.44,6,Não
Leo Kim,45,Feminino,Sales,0,65,59,1.82,5,Não
Dina Johnson,34,Feminino,Manager,11,53,20,3.35,10,Não
Ivan Johnson,24,Masculino,Analyst,2,37,79,1.06,5,Não
Ivan Johnson,57,Masculino,Manager,35,47,97,2.31,3,Não
Dina Kim,60,Masculino,Manager,2,68,46,2.3,8,Sim
Ivan Wang,26,Masculino,Manager,4,34,32,2.82,5,Não
Ivan Smith,55,Masculino,Analyst,11,47,4,4.96,2,Não
John Petrov,36,Feminino,Sales,8,56,57,4.63,2,Não
John Chen,36,Masculino,Sales,14,49,35,1.23,4,Não
Kate Ivanov,44,Masculino,Engineer,19,45,47,1.94,6,Não
John Chen,29,Masculino,Analyst,6,45,85,2.41,9,Não
Nina Johnson,39,Feminino,HR,18,44,72,4.25,8,Não
Dina Smith,59,Feminino,Manager,11,49,66,1.56,2,Não
Lily Lee,40,Masculino,HR,10,66,0,3.6,4,Não
Leo Smith,23,Masculino,Engineer,2,67,4,4.15,9,Não
Lily Petrov,60,Masculino,Analyst,36,60,34,4.16,9,Não
Kate Wang,52,Masculino,Sales,2,70,27,2.76,5,Não
Kate Smith,42,Feminino,HR,15,54,65,1.39,9,Sim
Alex Lee,60,Feminino,HR,29,61,98,3.72,4,Não
Sam Johnson,42,Feminino,Manager,19,43,52,2.98,1,Não
Kate Chen,53,Feminino,Manager,7,53,91,2.9,10,Sim
Nina Kim,43,Feminino,HR,14,54,87,2.78,2,Não
Kate Ivanov,38,Feminino,Manager,13,36,82,4.33,2,Não
Sam Brown,24,Masculino,Manager,0,49,73,4.1,5,Não
Ivan Kim,24,Feminino,HR,2,36,16,4.33,6,Não
Leo Garcia,36,Masculino,Engineer,0,67,0,3.85,3,Não
Max Ivanov,60,Masculino,Manager,39,46,27,3.78,2,Não
Lily Smith,41,Feminino,Analyst,20,52,70,4.56,5,Não
Nina Garcia,57,Masculino,Manager,28,40,56,1.98,1,Não
John Chen,36,Masculino,Engineer,5,42,58,2.68,5,Não
Leo Brown,35,Masculino,HR,13,64,99,2.4,5,Não
John Ivanov,56,Feminino,Engineer,24,70,94,4.42,4,Não
Nina Brown,47,Feminino,Sales,1,41,39,2.75,6,Não
Lily Smith,38,Feminino,Manager,7,44,57,4.87,3,Não
Max Garcia,45,Masculino,Analyst,5,67,43,3.56,10,Não
Alex Chen,35,Feminino,Manager,6,69,6,4.37,8,Não
Lily Wang,23,Masculino,Analyst,0,43,16,4.38,8,Não
Ivan Kim,55,Masculino,Manager,15,50,9,2.64,2,Não
Kate Kim,56,Feminino,Sales,6,49,5,3.38,2,Não
Sam Lee,40,Masculino,Engineer,14,56,64,1.57,9,Sim
Dina Kim,30,Masculino,Engineer,0,43,81,2.22,2,Não
Lily Wang,26,Masculino,Analyst,4,53,84,4.68,8,Não
Dina Petrov,46,Feminino,Manager,14,51,91,3.45,4,Não
Max Wang,35,Masculino,Sales,1,70,49,4.29,8,Não
Kate Brown,24,Masculino,Manager,3,63,84,4.62,6,Não
Dina Chen,23,Masculino,HR,0,60,99,4.06,5,Não
Alex Brown,47,Masculino,Manager,19,42,5,4.82,6,Não
Sam Brown,29,Feminino,Manager,8,37,36,3.82,2,Não
Lily Smith,25,Feminino,Manager,1,36,49,2.08,7,Não
Nina Ivanov,31,Feminino,Analyst,2,40,94,1.28,7,Não
Sam Garcia,47,Masculino,Engineer,2,44,10,2.16,3,Não
Ivan Wang,36,Masculino,Sales,11,48,79,2.86,9,Não
Sam Johnson,33,Masculino,Manager,8,37,84,1.03,8,Não
Alex Petrov,60,Masculino,Manager,37,63,25,3.01,9,Não
Kate Kim,23,Feminino,Engineer,0,70,98,1.45,9,Sim
Kate Brown,53,Feminino,HR,7,60,62,2.37,9,Sim
Dina Chen,43,Masculino,Engineer,0,67,15,3.25,2,Não
Sam Ivanov,36,Feminino,Sales,11,68,82,2.67,5,Não
Nina Chen,58,Feminino,Analyst,24,49,92,4.28,6,Não
Nina Ivanov,36,Feminino,Manager,0,53,26,3.64,8,Não
Kate Petrov,22,Feminino,Manager,1,47,5,1.8,5,Não
Nina Lee,28,Feminino,Sales,6,51,89,1.12,9,Sim
Leo Kim,26,Feminino,HR,5,56,1,1.17,7,Não
Sam Lee,41,Feminino,Sales,19,58,30,4.27,8,Não
Kate Brown,43,Masculino,Analyst,12,62,4,4.69,10,Não
Nina Lee,60,Masculino,Analyst,21,64,62,1.87,3,Não
Lily Ivanov,30,Feminino,HR,9,64,28,3.59,7,Não
Kate Wang,49,Feminino,HR,7,64,98,1.13,5,Não
Sam Garcia,25,Feminino,Sales,2,50,15,3.68,7,Não
Alex Lee,42,Feminino,Sales,19,43,45,2.25,3,Não
Dina Wang,25,Masculino,Analyst,2,41,77,1.19,7,Não
Ivan Petrov,27,Feminino,Manager,0,53,70,4.36,3,Não
Leo Johnson,26,Masculino,Manager,4,57,79,2.51,9,Sim
Lily Petrov,46,Masculino,Analyst,24,53,82,1.9,6,Não
Kate Wang,23,Feminino,Sales,0,49,0,1.35,9,Não
Leo Kim,23,Masculino,Sales,2,61,75,1.47,5,Não
Lily Lee,56,Feminino,Analyst,21,49,58,1.75,2,Não
Dina Johnson,51,Feminino,Sales,15,38,74,1.59,4,Não
Leo Petrov,60,Masculino,Sales,28,48,2,4.57,6,Não
Lily Wang,45,Feminino,Analyst,11,53,92,2.18,7,Não
Ivan Wang,39,Feminino,Sales,6,51,88,1.92,9,Sim
Dina Ivanov,58,Masculino,HR,32,57,87,1.76,5,Não
Sam Smith,54,Masculino,Sales,2,61,18,3.39,10,Não
Nina Johnson,29,Masculino,Sales,8,62,66,4.08,5,Não
Lily Kim,23,Masculino,Sales,2,46,63,4.55,3,Não
Alex Johnson,56,Masculino,Sales,1,70,43,1.26,4,Não
Alex Garcia,60,Masculino,HR,37,48,14,1.84,4,Não
Sam Johnson,59,Masculino,Engineer,24,48,20,1.93,1,Não
Lily Lee,53,Masculino,HR,22,68,53,4.44,8,Não
Leo Wang,43,Masculino,Manager,6,38,64,3.07,8,Não
Dina Chen,45,Masculino,Engineer,24,66,21,2.17,3,Não
Nina Ivanov,25,Masculino,Manager,0,42,48,4.41,8,Não
Sam Lee,41,Feminino,Engineer,3,41,13,2.07,6,Não
Max Kim,58,Feminino,Sales,28,41,98,4.59,7,Não
Alex Ivanov,56,Feminino,Sales,11,52,74,2.35,7,Não
Sam Smith,31,Feminino,Engineer,4,54,79,4.11,3,Não
Nina Ivanov,47,Masculino,Engineer,23,32,76,1.85,2,Não
Ivan Smith,57,Feminino,Sales,0,48,24,3.45,10,Não
Alex Kim,55,Masculino,Analyst,16,43,62,4.95,9,Não
Alex Lee,52,Masculino,Analyst,5,36,23,4.75,9,Não
Lily Wang,35,Masculino,Analyst,3,64,6,3.39,2,Não
Kate Brown,40,Feminino,Sales,12,66,3,2.54,2,Não
John Chen,32,Masculino,Analyst,7,53,79,1.12,1,Não
Alex Petrov,44,Masculino,Engineer,5,58,99,1.75,4,Não
Lily Ivanov,26,Feminino,Manager,4,55,87,4.16,6,Não
Dina Chen,38,Feminino,Manager,9,41,60,2.64,2,Não
Ivan Wang,53,Feminino,Manager,4,54,46,4.75,7,Não
Max Petrov,23,Masculino,Engineer,1,68,92,2.06,10,Sim
Ivan Garcia,56,Masculino,HR,30,39,27,1.13,5,Não
Sam Wang,56,Masculino,Manager,35,69,8,3.71,7,Não
John Smith,33,Masculino,Sales,11,37,11,4.62,5,Não
Leo Johnson,45,Feminino,Engineer,11,45,81,1.11,3,Não
Kate Ivanov,23,Feminino,Sales,2,49,93,1.82,4,Não
Lily Ivanov,43,Feminino,HR,0,41,23,4.86,4,Não
Sam Ivanov,27,Masculino,HR,5,64,78,1.1,3,Não
Kate Ivanov,44,Masculino,Engineer,20,46,18,1.13,2,Não
Ivan Petrov,49,Masculino,Engineer,4,55,85,2.42,9,Sim
Leo Wang,55,Masculino,HR,1,31,17,2.19,2,Não
Kate Brown,57,Feminino,Sales,35,53,17,2.2,1,Não
Lily Wang,37,Masculino,Analyst,11,50,82,3.24,7,Não
John Garcia,46,Masculino,Analyst,13,47,21,2.83,8,Não
Max Ivanov,22,Masculino,HR,0,38,11,1.86,9,Não
Ivan Chen,56,Masculino,Engineer,0,63,61,3.5,2,Não
Leo Ivanov,24,Masculino,HR,2,66,14,3.26,2,Não
Ivan Garcia,57,Feminino,Analyst,27,60,90,1.22,1,Não
Nina Ivanov,35,Feminino,HR,13,62,66,3.99,6,Não
Alex Garcia,29,Masculino,Sales,5,51,3,4.02,6,Não
Sam Petrov,35,Masculino,HR,14,69,81,1.88,6,Não
Alex Wang,37,Feminino,Engineer,12,51,43,3.1,7,Não
Max Wang,51,Masculino,Sales,22,40,1,2.53,1,Não
Alex Garcia,29,Masculino,Analyst,1,37,1,4.01,1,Não
Max Garcia,38,Masculino,HR,5,65,62,4.98,6,Não
John Wang,50,Feminino,Analyst,23,38,89,2.2,5,Não
Nina Smith,29,Feminino,HR,1,53,98,3.74,3,Não
Ivan Petrov,42,Feminino,Manager,2,54,64,1.48,2,Não
Nina Ivanov,37,Masculino,HR,5,69,100,3.51,3,Não
Ivan Chen,53,Masculino,Manager,12,33,5,2.24,9,Não
Alex Kim,25,Feminino,Manager,1,37,68,3.75,9,Não
Max Ivanov,38,Masculino,Engineer,7,59,43,4.45,1,Não
Nina Chen,32,Feminino,HR,2,61,99,1.87,2,Não
Ivan Ivanov,30,Masculino,Engineer,0,41,34,2.59,2,Não
Sam Johnson,26,Masculino,Manager,1,49,94,1.41,8,Não
Leo Chen,28,Feminino,Engineer,3,39,66,2.65,6,Não
Ivan Lee,58,Masculino,Analyst,4,50,51,1.73,7,Não
Max Chen,51,Masculino,Sales,30,42,38,1.96,1,Não
Leo Smith,60,Masculino,Analyst,19,60,35,2.5,8,Sim
Alex Smith,34,Masculino,Sales,3,37,69,1.21,8,Não
Kate Petrov,34,Feminino,HR,2,39,38,4.09,7,Não
Sam Petrov,52,Masculino,Sales,13,57,77,2.77,9,Sim
Ivan Wang,55,Feminino,Manager,31,46,16,2.97,3,Não
Leo Kim,57,Masculino,Engineer,5,48,50,1.87,2,Não
Ivan Wang,59,Masculino,Manager,28,34,89,1.47,8,Não
Nina Wang,42,Feminino,Manager,17,36,91,2.07,8,Não
Max Kim,37,Feminino,HR,2,50,61,3.32,9,Não
Lily Kim,44,Feminino,Analyst,6,51,58,2.15,5,Não
Lily Chen,29,Masculino,HR,0,57,19,3.37,5,Não
Alex Johnson,33,Feminino,Engineer,7,35,87,3.81,5,Não
Alex Johnson,53,Masculino,Engineer,2,64,93,3.33,10,Não
Ivan Lee,52,Masculino,HR,12,56,64,1.36,3,Não
Kate Smith,40,Feminino,Sales,2,45,33,2.22,2,Não
John Brown,42,Masculino,HR,0,64,45,4.26,5,Não
Kate Brown,40,Feminino,HR,2,70,34,1.15,7,Não
Leo Lee,31,Feminino,Analyst,0,33,88,2.13,9,Não
Kate Kim,39,Feminino,Engineer,7,70,51,4.24,7,Não
Alex Ivanov,60,Masculino,Analyst,35,34,65,3.21,4,Não
Ivan Wang,43,Masculino,Sales,22,56,41,1.78,10,Sim
Alex Johnson,39,Feminino,Analyst,17,52,22,4.25,1,Não
Lily Lee,54,Masculino,HR,21,49,27,1.56,4,Não
Alex Ivanov,26,Feminino,Analyst,2,66,0,2.08,2,Não
Leo Wang,31,Masculino,Engineer,4,33,69,4.52,3,Não
Ivan Petrov,54,Feminino,HR,12,37,92,2.89,1,Não
Nina Brown,32,Masculino,Manager,1,36,22,2.38,7,Não
Dina Ivanov,53,Feminino,Manager,0,56,42,2.94,10,Sim
Dina Brown,48,Feminino,Sales,4,38,19,3.68,8,Não
Alex Petrov,57,Feminino,Engineer,8,44,60,1.6,7,Não
Max Petrov,54,Feminino,Sales,33,57,68,2.1,5,Não
Ivan Ivanov,42,Feminino,HR,9,63,98,4.72,5,Não
Nina Brown,51,Feminino,Manager,5,68,14,1.25,7,Não
Leo Kim,50,Masculino,Engineer,0,64,52,1.17,1,Não
Max Lee,34,Feminino,Sales,9,31,48,2.6,3,Não
Dina Kim,27,Masculino,Sales,2,35,70,4.33,1,Não
Nina Johnson,28,Feminino,HR,0,30,95,3.56,4,Não
John Petrov,41,Feminino,Sales,11,54,65,3.15,2,Não
John Kim,57,Feminino,Manager,31,69,55,1.22,3,Não
Sam Petrov,31,Masculino,Sales,9,55,90,1.84,10,Sim
Leo Garcia,50,Masculino,Engineer,22,53,3,4.63,10,Não
Lily Wang,29,Masculino,Analyst,8,44,24,4.18,3,Não
Leo Lee,37,Feminino,Engineer,16,48,34,1.72,3,Não
Max Chen,30,Feminino,Analyst,0,51,5,1.37,8,Sim
Leo Petrov,59,Feminino,Engineer,19,38,91,1.22,1,Não
Dina Johnson,53,Masculino,Analyst,20,70,48,2.96,2,Não
Sam Petrov,22,Feminino,Engineer,1,58,91,4.21,3,Não
Lily Kim,58,Feminino,Sales,34,50,27,2.47,9,Não
Nina Johnson,50,Feminino,Engineer,19,59,86,3.28,8,Não
Kate Brown,55,Masculino,Engineer,31,31,43,3.21,5,Não
Sam Ivanov,55,Feminino,Manager,22,70,17,2.74,10,Sim
Nina Ivanov,55,Masculino,Engineer,7,59,78,2.6,1,Não
Ivan Smith,54,Masculino,Engineer,17,38,37,2.77,6,Não
Leo Ivanov,51,Masculino,HR,4,49,90,2.89,4,Não
Ivan Garcia,47,Feminino,HR,22,31,69,3.61,8,Não
John Ivanov,52,Masculino,Sales,23,36,92,3.97,5,Não
Ivan Ivanov,40,Feminino,Analyst,2,35,45,4.57,8,Não
Leo Johnson,48,Feminino,HR,15,54,73,4.73,4,Não
Lily Wang,29,Feminino,Analyst,7,44,25,3.78,6,Não
Dina Ivanov,30,Feminino,HR,9,60,20,4.23,3,Não
Nina Garcia,39,Feminino,Sales,5,66,47,1.04,8,Sim
Alex Johnson,46,Feminino,Sales,16,45,55,4.61,10,Não
Kate Wang,58,Feminino,HR,11,70,82,2.7,7,Não
Dina Smith,35,Masculino,HR,0,34,10,3.23,4,Não
Ivan Garcia,35,Masculino,Sales,1,41,31,3.91,5,Não
Dina Smith,51,Feminino,Engineer,10,54,98,3.22,3,Não
Lily Brown,56,Feminino,Engineer,2,46,16,2.86,9,Não
Nina Smith,57,Feminino,Manager,35,58,23,4.86,10,Não
Sam Kim,22,Feminino,Manager,1,39,36,3.63,1,Não
Dina Brown,42,Feminino,Manager,5,35,88,1.92,1,Não
Ivan Garcia,35,Feminino,Engineer,9,45,42,4.98,7,Não
Sam Ivanov,22,Masculino,Analyst,1,46,31,2.11,2,Não
Leo Johnson,24,Feminino,Sales,3,32,41,2.47,6,Não
Alex Smith,29,Masculino,Engineer,4,42,82,4.24,2,Não
Sam Smith,41,Masculino,HR,3,46,45,4.05,4,Não
Lily Petrov,49,Feminino,Analyst,21,65,21,1.42,6,Não
Sam Smith,54,Masculino,HR,8,37,6,4.13,8,Não
Ivan Johnson,50,Feminino,HR,29,39,69,3.46,5,Não
Lily Petrov,45,Feminino,HR,17,58,73,3.87,6,Não
John Lee,56,Feminino,HR,2,60,7,1.36,2,Não
Nina Johnson,39,Feminino,Engineer,12,36,25,2.09,1,Não
Max Wang,49,Feminino,Engineer,27,56,39,2.63,10,Sim
Nina Garcia,37,Masculino,Analyst,6,40,75,1.36,4,Não
Max Wang,53,Feminino,Manager,17,44,75,2.04,5,Não
John Lee,26,Feminino,HR,1,59,94,4.34,4,Não
Dina Lee,38,Masculino,Manager,4,41,99,1.55,8,Não
Max Garcia,45,Feminino,Engineer,24,48,34,2.0,10,Não
Dina Brown,52,Feminino,Sales,16,43,64,3.05,8,Não
Max Smith,31,Feminino,Engineer,7,56,11,3.26,5,Não
Leo Smith,39,Masculino,Manager,17,34,35,3.65,1,Não
Alex Ivanov,59,Masculino,Analyst,4,58,18,1.35,5,Não
Alex Smith,26,Feminino,HR,5,64,59,4.43,1,Não
Nina Ivanov,29,Masculino,Manager,1,42,2,4.98,10,Não
Ivan Lee,43,Feminino,Analyst,2,32,34,4.01,4,Não
Dina Johnson,30,Masculino,Manager,7,60,19,4.91,9,Não
Dina Ivanov,43,Masculino,Analyst,19,56,80,3.15,5,Não
Alex Wang,23,Masculino,Manager,2,53,1,3.67,8,Não
John Garcia,55,Masculino,HR,7,50,96,2.07,10,Não
Kate Brown,24,Masculino,Manager,1,43,17,3.55,7,Não
Nina Garcia,35,Masculino,Sales,6,68,59,2.73,6,Não
Nina Smith,34,Feminino,Engineer,5,31,97,2.44,6,Não
Alex Chen,35,Feminino,Engineer,6,54,28,2.9,5,Não
Dina Ivanov,54,Feminino,Manager,2,66,82,2.57,10,Sim
Kate Chen,42,Feminino,Sales,13,43,58,1.96,2,Não
Dina Smith,35,Masculino,Manager,10,38,95,1.68,1,Não
Kate Johnson,32,Masculino,Engineer,11,44,14,1.23,4,Não
Nina Brown,40,Feminino,Sales,12,41,94,2.78,8,Não
Lily Smith,52,Masculino,HR,10,70,67,1.77,2,Não
Dina Wang,27,Masculino,Engineer,5,57,45,4.59,8,Não
Dina Smith,55,Feminino,Manager,14,50,8,4.48,3,Não
Sam Johnson,60,Masculino,HR,15,52,10,2.16,10,Sim
Kate Wang,25,Feminino,Engineer,4,32,53,3.29,4,Não
Leo Ivanov,31,Feminino,Engineer,7,69,71,1.97,6,Não
Dina Brown,26,Masculino,HR,2,50,95,3.49,9,Não
John Ivanov,31,Masculino,Analyst,6,69,90,3.45,9,Não
Lily Wang,44,Feminino,Manager,2,56,15,2.69,10,Sim
Ivan Johnson,25,Masculino,Analyst,0,32,2,3.17,10,Não
Max Kim,52,Feminino,Analyst,28,65,56,4.29,3,Não
Nina Wang,45,Feminino,Manager,15,40,3,4.99,6,Não
Nina Lee,45,Feminino,Manager,20,51,87,1.78,2,Não
Leo Smith,49,Masculino,Analyst,16,33,37,4.19,9,Não
Leo Wang,22,Masculino,Manager,1,35,29,3.31,8,Não
John Petrov,58,Masculino,Sales,4,66,52,2.11,5,Não
Alex Chen,47,Feminino,Engineer,25,38,86,2.46,1,Não
Dina Ivanov,35,Masculino,HR,9,63,70,3.08,9,Não
Dina Lee,47,Feminino,Sales,13,42,75,2.52,2,Não
Lily Kim,29,Masculino,Sales,3,49,22,3.63,4,Não
Sam Kim,57,Masculino,Analyst,35,63,67,1.43,3,Não
John Brown,49,Masculino,Engineer,17,67,57,1.42,1,Não
Kate Petrov,50,Masculino,HR,24,49,6,1.02,4,Não
Alex Wang,31,Feminino,Sales,6,60,19,3.02,9,Não
Max Petrov,42,Feminino,HR,4,45,18,1.3,9,Não
John Wang,33,Feminino,Sales,6,36,57,1.52,7,Não
Alex Smith,32,Feminino,Manager,0,56,17,4.46,2,Não
Kate Ivanov,59,Feminino,HR,24,30,64,1.46,10,Não
Max Garcia,31,Feminino,Sales,10,38,31,4.79,1,Não
Leo Wang,42,Masculino,HR,11,30,22,2.95,9,Não
Nina Ivanov,58,Masculino,Manager,37,59,83,4.98,5,Não
Max Chen,47,Masculino,Analyst,8,57,94,4.17,1,Não
John Smith,45,Masculino,Manager,23,62,13,3.42,1,Não
Alex Ivanov,32,Masculino,Manager,2,30,16,2.5,3,Não
Lily Smith,49,Masculino,HR,28,59,69,4.92,4,Não
Leo Kim,48,Masculino,Manager,16,48,70,1.49,7,Não
Max Wang,35,Feminino,Manager,3,68,96,1.55,8,Sim
Sam Johnson,24,Masculino,Sales,1,60,22,2.98,4,Não
Sam Ivanov,50,Feminino,Manager,26,34,32,3.56,1,Não
Lily Wang,48,Masculino,HR,20,37,33,3.51,8,Não
Max Chen,59,Masculino,HR,15,42,43,1.47,9,Não
Ivan Kim,26,Feminino,Manager,0,41,19,3.81,8,Não
Sam Smith,23,Masculino,Engineer,2,65,87,1.65,9,Sim
Lily Wang,51,Masculino,Analyst,7,40,71,3.29,8,Não
Kate Petrov,49,Feminino,HR,11,47,83,1.82,2,Não
Max Wang,25,Masculino,Sales,1,58,96,2.64,10,Sim
Sam Smith,52,Feminino,Analyst,30,37,9,1.57,4,Não
Ivan Brown,48,Feminino,HR,10,55,36,1.14,7,Não
Max Garcia,26,Masculino,HR,2,47,95,3.1,9,Não
Dina Petrov,47,Feminino,Manager,24,30,24,3.2,6,Não
Alex Wang,28,Masculino,Manager,4,51,57,3.24,8,Não
Max Wang,36,Feminino,Sales,7,41,33,1.1,2,Não
Sam Ivanov,29,Masculino,Analyst,0,68,87,1.53,10,Sim
Sam Brown,35,Masculino,Analyst,4,48,81,4.64,1,Não
Kate Smith,43,Masculino,HR,16,50,92,1.66,9,Não
Ivan Smith,44,Feminino,Sales,16,56,38,4.24,1,Não
Sam Kim,30,Masculino,Sales,1,52,51,3.08,8,Não
Alex Wang,58,Masculino,Sales,23,65,84,2.87,3,Não
Ivan Kim,37,Masculino,Analyst,7,64,8,3.74,6,Não
Kate Lee,39,Masculino,HR,1,38,66,4.73,1,Não
Dina Kim,43,Feminino,Analyst,12,36,7,4.23,8,Não
Sam Smith,49,Feminino,HR,17,65,89,2.94,7,Não
Kate Johnson,53,Feminino,Analyst,19,51,18,3.49,3,Não
Nina Kim,24,Masculino,Analyst,1,69,27,3.3,1,Não
Ivan Petrov,31,Feminino,Engineer,5,53,24,4.09,5,Não
Alex Brown,54,Feminino,HR,20,58,3,3.03,4,Não
Max Garcia,44,Feminino,Analyst,15,47,59,1.29,1,Não
Leo Lee,23,Feminino,Analyst,1,68,64,3.77,8,Não
Max Kim,47,Feminino,HR,24,38,72,4.41,5,Não
Nina Wang,37,Feminino,Sales,1,35,4,1.97,3,Não
Dina Lee,35,Masculino,Sales,10,33,100,2.3,5,Não
Alex Garcia,25,Masculino,Sales,4,60,81,1.78,7,Não
John Brown,23,Masculino,Analyst,1,65,37,1.55,2,Não
John Johnson,43,Feminino,Sales,12,51,58,3.99,5,Não
Ivan Lee,54,Masculino,Sales,25,31,71,4.88,8,Não
Sam Johnson,36,Masculino,HR,5,34,18,3.62,6,Não
Alex Petrov,32,Masculino,Manager,2,43,87,1.9,1,Não
John Petrov,58,Feminino,HR,37,47,63,3.85,8,Não
Kate Garcia,29,Feminino,HR,2,52,86,1.12,10,Sim
Ivan Garcia,60,Masculino,Engineer,30,34,72,3.94,7,Não
Ivan Ivanov,56,Feminino,Manager,27,69,76,1.66,2,Não
Max Lee,41,Masculino,Sales,9,40,49,3.74,1,Não
Max Smith,47,Feminino,Manager,1,68,71,4.4,7,Não
Kate Smith,38,Feminino,Analyst,15,42,66,1.56,7,Não
Ivan Garcia,23,Feminino,Sales,1,41,7,3.26,5,Não
Dina Smith,29,Masculino,Engineer,3,40,21,4.74,2,Não
Sam Kim,48,Feminino,Sales,3,43,57,4.32,4,Não
Ivan Johnson,24,Feminino,HR,1,48,9,1.29,6,Não
Max Wang,27,Feminino,Sales,5,50,26,1.91,9,Não
John Chen,47,Feminino,Manager,13,46,3,3.52,7,Não
Ivan Petrov,43,Masculino,Manager,17,42,49,3.04,2,Não
Dina Chen,35,Masculino,HR,0,38,5,4.79,3,Não
Ivan Chen,60,Masculino,Engineer,35,53,22,2.48,9,Sim
Ivan Kim,22,Feminino,Sales,0,65,18,1.29,10,Sim
John Chen,48,Feminino,Engineer,2,57,59,3.74,2,Não
Ivan Wang,55,Feminino,Sales,34,49,53,3.19,7,Não
Nina Ivanov,57,Masculino,Manager,32,68,7,4.95,5,Não
John Garcia,55,Masculino,Analyst,2,40,15,3.0,9,Não
John Ivanov,39,Masculino,Analyst,9,65,23,3.17,8,Não
Lily Ivanov,27,Feminino,Sales,1,44,91,2.77,4,Não
Sam Lee,49,Masculino,Engineer,27,55,98,2.32,4,Não
Ivan Johnson,34,Feminino,Sales,7,62,97,2.29,5,Não
Sam Ivanov,30,Feminino,HR,3,63,38,2.67,1,Não
Max Smith,43,Masculino,Engineer,20,30,22,3.71,6,Não
Sam Johnson,42,Masculino,Engineer,17,40,75,1.65,9,Não
Ivan Wang,59,Masculino,HR,32,42,94,1.65,8,Não
Ivan Chen,38,Masculino,HR,6,34,24,2.75,6,Não
Leo Smith,22,Masculino,Engineer,1,35,8,2.1,9,Não
Dina Johnson,38,Masculino,Manager,0,47,47,2.78,3,Não
Kate Johnson,57,Masculino,Engineer,26,58,15,1.81,5,Não
Alex Wang,53,Masculino,Sales,30,41,23,2.24,3,Não
Lily Brown,22,Masculino,Sales,1,66,98,4.28,1,Não
Kate Smith,58,Feminino,HR,33,55,23,4.91,2,Não
Nina Brown,51,Masculino,Manager,17,55,21,2.24,2,Não
Sam Petrov,31,Masculino,Analyst,3,38,16,2.28,3,Não
John Smith,51,Feminino,Manager,10,37,83,3.63,9,Não
Ivan Petrov,22,Masculino,Engineer,1,56,51,2.02,6,Não
John Johnson,59,Feminino,Engineer,32,65,60,3.1,9,Não
Dina Garcia,42,Feminino,Manager,20,66,85,1.36,6,Não
Ivan Petrov,32,Masculino,Analyst,3,62,25,2.91,3,Não
Sam Brown,44,Feminino,Sales,17,59,91,3.46,3,Não
Lily Ivanov,34,Feminino,HR,4,46,61,4.2,2,Não
Kate Garcia,57,Feminino,HR,10,41,3,4.47,6,Não
Kate Johnson,44,Feminino,Analyst,14,54,43,3.26,9,Não
Lily Wang,36,Masculino,Sales,2,40,50,1.42,6,Não
John Lee,39,Masculino,HR,2,41,87,1.01,6,Não
Max Chen,38,Masculino,Manager,9,38,44,4.7,5,Não
Alex Brown,35,Feminino,HR,4,44,23,4.97,9,Não
Leo Johnson,28,Masculino,Manager,4,69,14,2.26,8,Sim
Alex Garcia,39,Masculino,Manager,0,43,46,3.39,1,Não
Lily Kim,53,Masculino,Engineer,30,52,12,2.82,8,Sim
Ivan Petrov,60,Feminino,Manager,29,34,89,2.91,5,Não
Lily Johnson,31,Masculino,Analyst,6,42,7,1.91,9,Não
Kate Chen,37,Feminino,HR,3,67,57,2.21,6,Não
John Wang,45,Masculino,Manager,18,59,11,3.38,3,Não
Lily Ivanov,48,Masculino,HR,1,44,50,3.33,6,Não
John Brown,39,Masculino,Engineer,11,50,48,1.04,1,Não
Kate Johnson,33,Masculino,Analyst,4,51,54,4.48,6,Não
Ivan Smith,25,Masculino,Analyst,3,63,94,4.8,10,Não
Dina Petrov,51,Masculino,Sales,21,34,41,2.34,7,Não
Lily Brown,30,Feminino,Manager,9,44,35,3.46,2,Não
Nina Johnson,35,Masculino,HR,0,55,49,1.57,8,Sim
Kate Chen,42,Feminino,Analyst,20,34,87,1.54,2,Não
Leo Wang,53,Feminino,Engineer,18,31,72,2.03,5,Não
Lily Petrov,50,Masculino,HR,2,44,9,2.46,9,Não
Lily Smith,36,Masculino,Analyst,8,40,89,1.2,4,Não
Alex Petrov,32,Masculino,Analyst,4,58,39,3.33,2,Não
Max Kim,29,Masculino,Analyst,7,30,69,3.64,5,Não
Kate Ivanov,22,Masculino,Sales,0,42,82,1.01,4,Não
Kate Petrov,24,Feminino,HR,2,58,61,1.22,8,Sim
John Lee,39,Masculino,HR,2,56,98,3.1,6,Não
Leo Garcia,29,Masculino,Engineer,0,40,69,3.9,8,Não
Lily Petrov,27,Feminino,Manager,0,58,38,2.64,2,Não
Leo Smith,33,Masculino,Manager,10,50,67,2.32,7,Não
Leo Petrov,45,Feminino,HR,24,46,98,4.68,5,Não
Kate Ivanov,36,Masculino,HR,6,33,1,3.83,4,Não
John Chen,59,Masculino,Analyst,30,42,75,4.84,9,Não
Kate Smith,26,Masculino,Manager,5,69,24,4.68,10,Não
Kate Wang,45,Feminino,HR,5,70,40,2.87,5,Não
John Petrov,50,Masculino,Engineer,10,65,93,3.89,7,Não
Kate Petrov,26,Masculino,Sales,4,46,45,4.39,7,Não
Dina Brown,31,Masculino,Sales,4,34,23,2.58,10,Não
Alex Smith,49,Feminino,Analyst,7,47,20,1.67,3,Não
Sam Lee,36,Feminino,HR,2,38,11,1.42,2,Não
Lily Petrov,43,Masculino,Analyst,1,67,6,4.96,7,Não
Dina Petrov,48,Feminino,HR,27,66,70,1.49,6,Não
Leo Johnson,30,Feminino,Analyst,9,30,54,4.78,3,Não
Dina Kim,59,Masculino,Engineer,12,45,56,1.18,2,Não
Sam Kim,49,Masculino,Analyst,1,70,62,4.54,8,Não
Sam Lee,58,Masculino,HR,10,43,90,3.47,9,Não
Dina Johnson,42,Feminino,HR,10,70,40,3.6,3,Não
Dina Johnson,59,Masculino,Manager,0,57,2,3.0,10,Não
Max Chen,51,Masculino,HR,26,69,69,3.26,4,Não
Max Lee,28,Masculino,HR,5,31,38,3.19,8,Não
Kate Kim,47,Masculino,Engineer,11,50,80,1.45,10,Não
Nina Johnson,59,Feminino,HR,9,39,24,2.27,8,Não
Sam Lee,32,Feminino,Sales,8,31,75,4.81,6,Não
Alex Garcia,40,Feminino,HR,5,61,47,2.28,4,Não
Sam Garcia,48,Feminino,Manager,20,42,100,2.59,2,Não
Max Wang,39,Masculino,Manager,2,69,9,2.57,1,Não
Ivan Wang,37,Feminino,Analyst,4,62,29,2.1,2,Não
Ivan Garcia,51,Feminino,Analyst,23,34,83,1.5,8,Não
John Chen,33,Feminino,Engineer,6,43,34,3.81,8,Não
Kate Johnson,57,Feminino,Manager,1,66,10,1.69,8,Sim
Nina Petrov,39,Masculino,Analyst,8,59,36,2.5,5,Não
John Kim,49,Feminino,Manager,3,70,87,3.57,10,Não
Sam Brown,50,Feminino,Manager,26,52,30,2.53,1,Não
Alex Wang,36,Masculino,Sales,1,43,4,4.69,4,Não
Kate Johnson,38,Masculino,Sales,16,65,94,4.43,6,Não
Dina Wang,57,Feminino,Engineer,4,55,84,3.54,6,Não
Dina Wang,45,Feminino,HR,5,57,42,1.57,3,Não
Leo Smith,52,Feminino,Engineer,8,32,82,1.22,5,Não
Alex Petrov,28,Masculino,Sales,1,62,88,4.19,10,Não
John Brown,52,Masculino,HR,23,59,3,3.24,10,Não
Dina Garcia,47,Masculino,Analyst,4,51,25,2.9,1,Não
Alex Garcia,53,Feminino,Analyst,3,66,76,2.37,4,Não
Sam Kim,43,Feminino,Analyst,17,56,96,4.87,7,Não
Alex Ivanov,40,Masculino,Sales,19,35,25,4.23,1,Não
John Kim,31,Masculino,Manager,7,33,82,1.42,10,Não
Dina Brown,25,Masculino,Manager,4,30,91,2.52,4,Não
Sam Smith,59,Masculino,HR,21,36,91,4.28,6,Não
Nina Johnson,49,Masculino,Analyst,23,46,57,2.93,10,Não
Kate Petrov,27,Feminino,Engineer,6,68,65,4.42,2,Não
Nina Garcia,45,Feminino,Analyst,19,42,40,3.28,1,Não
Nina Lee,23,Masculino,Engineer,1,38,59,2.58,9,Não
Sam Kim,36,Masculino,Engineer,8,34,21,4.17,4,Não
Leo Brown,48,Masculino,HR,8,52,23,1.17,5,Não
Ivan Ivanov,28,Masculino,Engineer,5,70,69,4.14,7,Não
Lily Garcia,45,Masculino,Sales,3,52,67,4.5,8,Não
Nina Petrov,23,Feminino,Sales,1,41,78,3.68,7,Não
Dina Garcia,31,Feminino,Analyst,8,49,55,2.68,4,Não
Leo Brown,54,Feminino,Analyst,0,43,93,1.28,1,Não
Dina Petrov,28,Feminino,Analyst,0,33,36,2.74,5,Não
Ivan Garcia,42,Feminino,Analyst,9,39,38,4.9,1,Não
Kate Petrov,38,Feminino,Manager,4,61,39,2.29,2,Não
Max Petrov,32,Feminino,Sales,7,62,99,3.35,1,Não
Nina Smith,38,Feminino,HR,2,39,85,4.68,3,Não
Lily Petrov,52,Feminino,HR,5,51,47,1.07,4,Não
John Smith,49,Masculino,Manager,13,48,96,4.44,4,Não
John Kim,40,Masculino,Manager,1,37,81,4.43,9,Não
Ivan Brown,30,Feminino,Analyst,7,70,73,3.87,4,Não
Lily Johnson,31,Feminino,HR,8,56,93,4.61,6,Não
Max Ivanov,55,Masculino,HR,7,39,50,2.31,10,Não
Nina Lee,44,Masculino,Manager,15,40,37,4.93,2,Não
Ivan Lee,33,Masculino,Analyst,9,66,60,2.13,3,Não
Nina Kim,44,Masculino,Manager,14,30,16,1.58,8,Não
Lily Brown,29,Masculino,Engineer,5,62,78,4.47,1,Não
Lily Wang,32,Masculino,HR,7,58,63,4.38,4,Não
Ivan Smith,27,Feminino,Sales,4,68,99,1.43,7,Não
Kate Lee,48,Masculino,HR,27,43,5,4.17,3,Não
Ivan Johnson,26,Feminino,Analyst,4,45,64,3.68,8,Não
Lily Brown,23,Feminino,HR,2,30,64,1.32,7,Não
Sam Lee,55,Masculino,Engineer,9,34,83,1.67,8,Não
John Lee,58,Masculino,Engineer,20,34,79,2.39,6,Não
Dina Petrov,60,Masculino,Sales,20,49,83,4.82,8,Não
Ivan Chen,44,Feminino,Analyst,6,44,1,2.93,6,Não
Nina Ivanov,30,Masculino,HR,7,55,31,4.21,10,Não
Dina Johnson,39,Feminino,HR,5,53,6,2.93,3,Não
Leo Lee,46,Feminino,Analyst,0,32,26,4.93,1,Não
Max Lee,46,Masculino,Sales,21,51,59,4.3,2,Não
Dina Johnson,52,Masculino,Manager,9,41,43,2.44,3,Não
Max Ivanov,43,Masculino,Manager,12,32,100,1.14,4,Não
John Garcia,25,Masculino,HR,3,62,25,2.12,1,Não
Ivan Johnson,45,Masculino,Engineer,22,58,58,1.63,2,Não
Alex Garcia,60,Feminino,Manager,12,60,83,2.78,3,Não
Max Garcia,30,Feminino,Engineer,8,48,23,2.2,3,Não
Max Ivanov,52,Feminino,Engineer,28,49,56,4.75,8,Não
John Kim,23,Feminino,Engineer,1,55,16,3.66,7,Não
Ivan Wang,46,Feminino,Manager,2,57,34,1.9,2,Não
Lily Johnson,40,Feminino,Analyst,11,67,41,3.94,9,Não
Max Garcia,35,Masculino,Manager,6,68,77,2.16,3,Não
Lily Johnson,54,Feminino,Analyst,6,69,31,3.75,4,Não
John Smith,42,Masculino,HR,3,34,48,3.5,6,Não
Ivan Chen,44,Feminino,Analyst,16,36,71,1.54,2,Não
Lily Lee,32,Masculino,Manager,1,63,90,1.39,7,Não
Sam Petrov,42,Feminino,Manager,7,40,36,2.24,7,Não
Leo Johnson,45,Feminino,Manager,6,56,30,1.64,1,Não
Alex Brown,45,Masculino,Analyst,6,68,27,4.47,8,Não
Lily Ivanov,26,Masculino,Sales,0,37,76,3.42,1,Não
Lily Ivanov,57,Masculino,Sales,5,61,84,3.53,1,Não
Dina Ivanov,43,Feminino,Engineer,12,54,59,3.48,8,Não
Alex Lee,49,Feminino,Engineer,28,34,41,1.89,7,Não
Max Chen,51,Masculino,Sales,11,34,78,3.1,3,Não
Sam Smith,33,Feminino,Sales,11,44,13,2.99,4,Não
Lily Wang,42,Feminino,Analyst,5,45,44,4.67,5,Não
Leo Wang,52,Feminino,Manager,13,60,37,1.82,10,Sim
Dina Johnson,36,Masculino,Engineer,5,41,6,3.26,5,Não
Sam Chen,51,Feminino,Analyst,21,62,74,4.84,10,Não
Sam Smith,23,Masculino,Engineer,1,60,60,3.52,10,Não
Max Lee,37,Masculino,Sales,0,46,69,1.95,6,Não
Lily Chen,52,Masculino,Engineer,14,59,66,1.06,8,Sim
Dina Wang,40,Feminino,HR,13,42,44,3.82,2,Não
Kate Wang,42,Masculino,Engineer,20,44,49,2.55,9,Não
Leo Brown,44,Masculino,Engineer,12,56,53,3.3,7,Não
John Ivanov,44,Masculino,Manager,22,70,16,4.72,3,Não
Max Brown,38,Feminino,Sales,17,63,52,4.41,10,Não
Max Smith,49,Feminino,Sales,17,59,16,2.36,1,Não
John Lee,23,Feminino,Manager,1,34,97,1.98,8,Não
Sam Ivanov,43,Feminino,Sales,9,62,59,2.58,7,Não
John Johnson,56,Masculino,Analyst,30,31,33,3.14,4,Não
Nina Lee,54,Masculino,Sales,22,66,10,4.08,1,Não
Sam Lee,29,Masculino,Sales,3,47,57,3.05,3,Não
Ivan Ivanov,32,Masculino,HR,3,42,19,2.63,8,Não
Nina Kim,48,Masculino,Engineer,22,51,69,2.16,1,Não
Alex Chen,29,Masculino,HR,4,39,25,4.98,9,Não
Sam Chen,42,Feminino,Manager,10,31,23,2.1,4,Não
Kate Brown,50,Masculino,Manager,0,32,12,3.27,3,Não
Alex Kim,58,Masculino,HR,7,65,86,3.48,2,Não
Alex Johnson,53,Feminino,HR,28,68,91,1.92,1,Não
Max Petrov,43,Masculino,Analyst,15,30,53,1.79,4,Não
John Petrov,22,Masculino,Engineer,1,61,81,3.89,1,Não
Alex Smith,49,Feminino,HR,12,43,20,3.81,4,Não
Ivan Smith,56,Masculino,Engineer,35,38,7,3.65,6,Não
Ivan Ivanov,25,Feminino,Analyst,4,67,48,2.48,3,Não
John Brown,34,Masculino,HR,0,46,72,2.67,6,Não
Sam Brown,40,Masculino,Analyst,19,34,38,4.03,1,Não
Nina Chen,54,Feminino,Sales,30,67,48,2.56,8,Sim
Nina Petrov,29,Feminino,Manager,3,70,34,3.82,6,Não
Alex Johnson,54,Masculino,Manager,4,46,45,3.33,9,Não
Nina Garcia,57,Feminino,Manager,26,30,23,3.15,1,Não
Kate Chen,56,Feminino,Manager,20,62,12,1.23,7,Não
Nina Chen,43,Masculino,Sales,16,66,8,4.84,2,Não
Lily Garcia,33,Masculino,Sales,10,61,19,3.81,3,Não
Kate Petrov,43,Masculino,Analyst,8,66,25,2.11,4,Não
Lily Wang,45,Masculino,Engineer,14,42,2,4.72,7,Não
Kate Garcia,27,Masculino,HR,1,53,54,4.35,1,Não
Ivan Brown,47,Feminino,Engineer,25,53,39,1.22,2,Não
Ivan Chen,52,Feminino,Engineer,16,64,65,4.94,7,Não
Nina Wang,36,Feminino,HR,7,59,98,2.18,3,Não
Sam Garcia,45,Feminino,Analyst,5,38,16,2.29,2,Não
Dina Kim,23,Masculino,HR,1,32,45,2.45,1,Não
Leo Brown,60,Feminino,HR,14,31,61,2.63,3,Não
Lily Ivanov,46,Feminino,Sales,25,64,97,4.1,3,Não
Kate Kim,57,Feminino,HR,16,70,42,4.4,3,Não
John Brown,24,Feminino,HR,1,66,60,2.01,3,Não
Kate Petrov,34,Masculino,Engineer,10,35,63,4.38,5,Não
John Ivanov,59,Feminino,Engineer,14,45,5,3.87,5,Não
Sam Johnson,38,Masculino,HR,4,66,9,1.92,8,Sim
Ivan Kim,25,Feminino,Engineer,4,40,76,2.23,1,Não
Ivan Petrov,57,Feminino,Engineer,28,30,52,4.58,7,Não
Nina Kim,33,Feminino,Manager,7,59,59,4.57,4,Não
John Wang,24,Feminino,Manager,3,42,28,1.41,4,Não
Leo Lee,45,Feminino,Manager,13,44,74,3.68,1,Não
Max Wang,22,Feminino,HR,1,69,85,3.38,4,Não
Dina Kim,46,Feminino,Engineer,2,58,75,3.01,2,Não
John Johnson,43,Feminino,Analyst,5,54,100,3.53,10,Não
Kate Brown,59,Feminino,HR,13,48,54,2.49,4,Não
Ivan Petrov,42,Feminino,Analyst,18,43,19,4.52,1,Não
Max Lee,35,Masculino,HR,11,66,92,1.82,1,Não
Sam Smith,38,Feminino,Manager,12,66,64,2.25,2,Não
Ivan Garcia,29,Feminino,Sales,4,37,25,4.25,1,Não
Lily Garcia,55,Masculino,Analyst,18,58,93,4.61,5,Não
Leo Brown,29,Masculino,Sales,8,58,41,3.44,3,Não
Leo Smith,43,Feminino,Analyst,17,55,2,3.5,9,Não
John Brown,25,Masculino,Sales,1,57,86,2.41,2,Não
Ivan Wang,58,Feminino,Analyst,36,30,22,3.25,2,Não
Kate Johnson,49,Masculino,Manager,7,52,24,3.17,1,Não
Max Chen,50,Feminino,Engineer,21,34,24,2.73,3,Não
Lily Garcia,23,Masculino,HR,0,57,1,3.21,5,Não
Max Garcia,50,Feminino,Engineer,5,68,87,4.77,8,Não
Sam Petrov,47,Masculino,Engineer,19,38,20,2.19,1,Não
Lily Lee,40,Feminino,Sales,7,48,44,3.81,6,Não
Sam Kim,49,Masculino,Engineer,2,69,6,3.47,5,Não
Nina Kim,56,Feminino,Manager,31,31,22,1.77,5,Não
Nina Petrov,22,Masculino,HR,1,44,100,3.51,1,Não
Leo Smith,22,Masculino,Manager,0,62,15,4.91,7,Não
Dina Smith,31,Masculino,Analyst,2,59,59,4.55,5,Não
Sam Johnson,24,Feminino,HR,0,69,85,4.87,9,Não
Lily Ivanov,32,Feminino,Analyst,1,48,60,3.85,10,Não
Leo Brown,55,Masculino,Manager,3,47,92,2.88,10,Não
Lily Lee,32,Masculino,Engineer,7,66,38,4.8,8,Não
Kate Brown,27,Masculino,Manager,1,64,2,4.9,9,Não
Dina Garcia,27,Feminino,Manager,0,55,54,3.69,9,Não
Kate Brown,36,Masculino,Analyst,0,38,53,2.09,5,Não
Leo Smith,58,Masculino,Engineer,28,53,20,3.07,10,Não
Leo Lee,59,Masculino,Analyst,27,36,30,2.57,2,Não
Leo Wang,33,Masculino,HR,3,33,54,2.79,7,Não
Nina Kim,47,Feminino,Sales,20,50,42,4.4,9,Não
Nina Chen,35,Masculino,Analyst,6,50,97,3.76,5,Não
Alex Chen,29,Feminino,Manager,4,44,83,2.22,6,Não
Leo Kim,50,Feminino,Manager,27,68,43,1.02,4,Não
John Ivanov,46,Masculino,Analyst,14,32,56,2.79,6,Não
John Lee,42,Feminino,Engineer,21,51,27,3.65,9,Não
Nina Chen,25,Masculino,Manager,3,47,95,2.51,5,Não
Nina Brown,55,Masculino,HR,28,66,74,1.6,2,Não
Alex Petrov,49,Masculino,Engineer,24,30,71,2.59,9,Não
Kate Johnson,44,Masculino,Manager,16,40,35,1.57,6,Não
Nina Kim,50,Masculino,HR,8,50,19,3.55,5,Não
Sam Johnson,47,Feminino,Sales,21,38,37,4.51,3,Não
Nina Wang,59,Feminino,HR,16,67,51,4.65,10,Não
Dina Ivanov,42,Feminino,Engineer,8,69,7,4.52,9,Não
Nina Kim,44,Masculino,Sales,17,68,64,1.21,9,Sim
Dina Lee,46,Feminino,HR,13,37,92,4.84,7,Não
Ivan Brown,23,Feminino,HR,1,40,52,2.07,8,Não
Sam Brown,42,Feminino,Analyst,20,53,65,1.3,2,Não
Sam Brown,28,Feminino,Manager,1,51,81,3.17,9,Não
Lily Ivanov,55,Masculino,Engineer,20,63,62,4.09,1,Não
Ivan Wang,57,Feminino,HR,33,54,11,4.34,8,Não
Max Kim,41,Feminino,Manager,14,40,9,1.93,5,Não
Nina Wang,46,Masculino,Analyst,22,61,94,2.86,3,Não
Nina Wang,44,Feminino,Sales,23,32,37,1.38,9,Não
Nina Lee,24,Masculino,HR,0,69,17,1.1,1,Não
Sam Garcia,26,Masculino,Engineer,0,50,27,5.0,4,Não
Sam Brown,31,Feminino,Sales,3,32,95,3.22,5,Não
Max Chen,54,Masculino,Analyst,13,67,43,1.67,4,Não
Leo Wang,53,Masculino,Sales,16,45,51,3.04,4,Não
Leo Brown,35,Masculino,Analyst,12,43,24,2.45,6,Não
Sam Smith,57,Feminino,Engineer,0,57,98,1.66,6,Não
Nina Wang,46,Feminino,Analyst,5,60,7,4.44,8,Não
Kate Johnson,38,Feminino,Manager,7,66,67,4.87,4,Não
Max Kim,27,Feminino,Engineer,2,34,96,2.88,9,Não
Nina Ivanov,24,Feminino,Analyst,3,43,93,3.09,6,Não
Alex Johnson,39,Masculino,Engineer,18,31,78,4.12,4,Não
Ivan Smith,39,Masculino,Engineer,15,36,34,1.55,8,Não
Sam Brown,37,Masculino,Engineer,6,36,78,3.84,4,Não
Ivan Petrov,39,Feminino,Analyst,6,48,92,1.94,3,Não
John Lee,55,Masculino,Sales,30,39,38,1.55,3,Não
Leo Johnson,46,Masculino,Analyst,20,59,55,4.67,5,Não
Alex Chen,50,Feminino,Manager,27,45,81,3.18,8,Não
John Kim,59,Masculino,Manager,25,33,54,3.36,10,Não
Kate Johnson,25,Feminino,Analyst,1,61,19,1.34,7,Não
Max Wang,31,Feminino,Sales,3,32,92,4.21,6,Não
Kate Brown,48,Feminino,Analyst,24,53,25,1.64,7,Não
Alex Garcia,41,Masculino,HR,3,36,45,2.67,6,Não
Kate Lee,51,Masculino,Analyst,13,44,16,1.86,4,Não
Max Smith,55,Feminino,Sales,4,32,1,1.59,6,Não
Sam Ivanov,48,Feminino,Manager,1,57,56,3.55,6,Não
Ivan Chen,40,Feminino,Analyst,5,69,53,1.33,4,Não
Nina Wang,29,Masculino,Analyst,7,34,82,2.09,6,Não
Ivan Ivanov,37,Feminino,HR,10,41,74,2.7,4,Não
Lily Johnson,34,Feminino,HR,0,34,19,3.23,10,Não
Ivan Garcia,40,Masculino,Manager,16,61,73,2.76,1,Não
Dina Chen,49,Masculino,Engineer,23,30,22,4.9,8,Não
Leo Ivanov,33,Feminino,Engineer,10,58,90,3.7,5,Não
Max Smith,43,Feminino,Analyst,4,51,63,4.75,2,Não
Alex Smith,42,Feminino,Sales,16,70,71,3.93,1,Não
Dina Smith,35,Masculino,HR,0,56,2,3.36,7,Não
Leo Petrov,24,Feminino,Manager,3,58,45,1.16,4,Não
Nina Brown,60,Feminino,Analyst,30,47,29,3.23,3,Não
Max Ivanov,26,Masculino,Analyst,3,48,81,4.72,3,Não
Lily Brown,54,Masculino,Manager,19,35,99,2.6,3,Não
Kate Wang,29,Masculino,Engineer,6,57,18,3.72,6,Não
Max Petrov,46,Feminino,Engineer,0,57,86,1.11,7,Não
Lily Smith,34,Feminino,Engineer,5,39,88,4.42,5,Não
Alex Smith,32,Masculino,Engineer,5,53,96,4.07,3,Não
Dina Wang,25,Masculino,Manager,4,46,25,4.68,9,Não
Leo Wang,28,Masculino,Sales,7,53,1,4.94,3,Não
Ivan Brown,24,Masculino,Manager,1,31,41,4.79,6,Não
John Smith,57,Masculino,Analyst,29,36,9,1.39,6,Não
Max Wang,32,Feminino,Engineer,8,69,47,1.85,8,Sim
Sam Petrov,40,Feminino,HR,8,37,78,2.57,7,Não
Dina Wang,35,Masculino,Sales,6,42,4,4.5,9,Não
Lily Chen,47,Masculino,Manager,10,35,48,3.56,7,Não
Dina Ivanov,51,Masculino,HR,9,48,94,1.31,10,Não
Dina Lee,50,Masculino,Sales,22,44,96,2.83,6,Não
Alex Garcia,30,Masculino,Analyst,7,51,97,3.7,3,Não
John Chen,40,Feminino,Engineer,0,30,6,1.73,3,Não
John Wang,47,Feminino,Sales,1,31,71,3.95,10,Não
Max Ivanov,48,Masculino,HR,11,56,42,4.53,8,Não
Sam Chen,45,Masculino,HR,1,41,86,3.5,10,Não
Ivan Kim,25,Masculino,Sales,4,65,73,4.2,10,Não
Sam Smith,27,Feminino,Engineer,2,39,21,4.2,10,Não
Nina Smith,59,Masculino,Sales,32,54,75,3.43,1,Não
Ivan Smith,49,Feminino,Manager,8,34,36,4.38,9,Não
Sam Chen,42,Feminino,Engineer,2,58,29,4.13,2,Não
Dina Brown,47,Feminino,Engineer,6,35,7,1.15,4,Não
Sam Ivanov,23,Feminino,Sales,0,69,39,3.26,5,Não
Leo Wang,36,Masculino,Engineer,8,36,63,1.02,3,Não
Max Petrov,29,Feminino,Manager,6,63,71,4.49,10,Não
John Garcia,32,Feminino,Sales,9,43,59,2.46,5,Não
Dina Johnson,42,Masculino,Sales,14,55,45,3.18,1,Não
Sam Ivanov,60,Feminino,Engineer,8,61,62,3.93,2,Não
Alex Kim,33,Feminino,Manager,10,32,76,2.16,4,Não
Sam Chen,57,Masculino,Analyst,21,66,0,3.26,3,Não
Sam Brown,47,Feminino,HR,3,47,36,4.76,5,Não
Lily Kim,30,Feminino,Analyst,7,34,83,1.79,7,Não
Nina Ivanov,23,Feminino,Sales,2,31,33,1.18,3,Não
Lily Smith,55,Feminino,Manager,2,54,63,3.62,3,Não
Alex Wang,46,Masculino,Engineer,8,33,35,1.4,9,Não
Kate Brown,33,Feminino,Manager,7,33,1,3.53,1,Não
Leo Ivanov,41,Feminino,Manager,11,52,20,4.01,3,Não
Ivan Ivanov,27,Masculino,Engineer,4,67,49,1.92,8,Sim
Leo Petrov,46,Masculino,HR,12,58,94,1.5,9,Sim
John Chen,32,Masculino,Engineer,3,66,62,1.95,7,Não
Ivan Chen,25,Masculino,Manager,3,69,91,3.81,3,Não
Leo Brown,41,Masculino,Analyst,16,50,4,1.32,3,Não
Dina Petrov,55,Feminino,Manager,28,35,79,2.9,1,Não
Lily Wang,28,Feminino,HR,6,36,33,3.21,7,Não
Lily Johnson,53,Masculino,Analyst,22,50,95,4.07,5,Não
Leo Wang,29,Feminino,Analyst,6,60,79,3.63,3,Não
Sam Lee,41,Feminino,Manager,12,40,32,4.53,2,Não
Kate Johnson,47,Masculino,Analyst,19,45,75,2.26,2,Não
Lily Kim,38,Masculino,Manager,16,48,85,2.68,10,Não
John Johnson,50,Masculino,Analyst,12,60,80,3.66,5,Não
Lily Petrov,58,Masculino,Sales,9,60,36,1.11,2,Não
Nina Petrov,60,Masculino,HR,7,68,51,3.15,7,Não
Max Lee,46,Feminino,Sales,12,45,91,3.32,7,Não
Leo Kim,34,Feminino,Engineer,9,57,32,2.96,3,Não
Dina Petrov,46,Feminino,Analyst,3,59,32,3.95,3,Não
Nina Kim,25,Feminino,HR,4,60,60,1.38,4,Não
Sam Brown,33,Feminino,Engineer,8,43,53,2.85,8,Não
Kate Kim,33,Masculino,Manager,0,31,70,3.4,2,Não
Alex Chen,24,Feminino,Engineer,2,56,61,2.65,2,Não
Lily Petrov,35,Feminino,HR,14,48,75,1.27,3,Não
Leo Chen,53,Feminino,Manager,15,45,55,3.5,7,Não
Alex Ivanov,25,Masculino,Engineer,4,50,60,4.57,2,Não
Max Johnson,36,Feminino,HR,15,59,35,3.62,9,Não
Leo Johnson,29,Masculino,Manager,8,61,77,3.82,9,Não
Dina Brown,60,Feminino,HR,7,51,42,2.82,3,Não
Max Lee,40,Masculino,Manager,18,69,97,1.58,2,Não
Kate Lee,45,Masculino,Analyst,3,43,46,1.2,1,Não
Ivan Ivanov,50,Masculino,HR,27,31,10,4.52,4,Não
John Kim,28,Masculino,Manager,6,63,75,1.3,6,Não
Sam Smith,26,Masculino,Manager,3,34,91,2.57,6,Não
Dina Brown,38,Feminino,HR,6,39,43,3.05,10,Não
Dina Smith,25,Feminino,Engineer,4,50,18,2.04,2,Não
John Chen,25,Feminino,Manager,4,43,4,3.49,6,Não
Max Lee,54,Feminino,HR,6,49,4,3.74,2,Não
Alex Chen,40,Feminino,Analyst,7,60,97,1.07,8,Sim
Leo Garcia,31,Feminino,Sales,3,34,63,1.72,10,Não
Ivan Garcia,50,Masculino,Engineer,16,58,17,1.05,5,Não
Nina Brown,23,Feminino,HR,2,44,73,1.64,3,Não
Max Brown,44,Masculino,Sales,16,36,67,3.1,9,Não
Ivan Brown,38,Masculino,Manager,15,61,93,2.49,7,Não
Sam Ivanov,26,Masculino,Manager,3,59,14,3.66,10,Não
Kate Chen,57,Masculino,Manager,35,62,42,3.92,3,Não
Kate Johnson,25,Feminino,Analyst,3,68,91,4.98,5,Não
Ivan Lee,26,Masculino,HR,5,62,69,2.4,2,Não
Alex Garcia,44,Feminino,Engineer,12,32,31,2.39,7,Não
John Smith,46,Masculino,Sales,17,42,2,4.06,8,Não
Ivan Garcia,32,Masculino,Manager,11,37,69,4.66,6,Não
Lily Garcia,57,Masculino,Sales,24,70,97,3.73,7,Não
Kate Wang,38,Feminino,HR,17,40,91,4.22,7,Não
Lily Wang,31,Masculino,Manager,1,31,34,3.59,4,Não
Ivan Kim,29,Masculino,Sales,1,30,29,1.87,9,Não
Alex Petrov,43,Masculino,Analyst,8,53,93,4.98,1,Não
Ivan Wang,23,Feminino,Manager,0,41,19,2.43,9,Não
John Ivanov,41,Feminino,HR,18,65,69,1.26,4,Não
Nina Kim,60,Feminino,Sales,29,35,14,2.33,9,Não
John Brown,55,Masculino,Manager,29,68,63,1.35,2,Não
Max Ivanov,34,Feminino,HR,3,44,33,2.39,5,Não
Nina Smith,27,Masculino,Manager,3,62,30,3.41,2,Não
John Smith,30,Masculino,Manager,5,44,7,3.8,1,Não
Max Lee,31,Masculino,Engineer,1,46,98,3.6,6,Não
Ivan Petrov,53,Masculino,HR,1,31,65,1.39,8,Não
Nina Chen,38,Masculino,Engineer,14,58,67,1.14,5,Não
Dina Johnson,28,Feminino,Sales,3,62,71,1.79,8,Sim
Kate Petrov,33,Masculino,Manager,8,45,32,3.32,6,Não
John Garcia,60,Masculino,Manager,25,49,6,1.82,6,Não
Max Petrov,40,Feminino,HR,12,39,26,4.25,1,Não
Nina Brown,59,Masculino,Sales,28,60,20,3.51,9,Não
Max Petrov,38,Feminino,Manager,6,42,87,2.75,7,Não
John Johnson,36,Feminino,Analyst,15,57,82,2.31,9,Sim
Dina Petrov,49,Masculino,Sales,8,34,29,4.12,8,Não
Kate Petrov,57,Masculino,HR,7,40,97,1.76,1,Não
Lily Brown,57,Feminino,Analyst,27,58,15,4.19,9,Não
Ivan Kim,25,Feminino,HR,0,33,53,3.94,4,Não
Leo Ivanov,31,Feminino,Engineer,1,55,74,1.24,9,Sim
John Ivanov,23,Masculino,Sales,0,55,46,1.49,10,Sim
Leo Garcia,36,Feminino,Manager,2,32,83,4.43,4,Não
Alex Kim,58,Feminino,Sales,6,46,56,3.89,10,Não
Leo Smith,33,Masculino,Sales,10,63,79,1.36,1,Não
Leo Petrov,34,Feminino,Engineer,6,64,72,4.93,3,Não
Dina Petrov,42,Feminino,Sales,15,34,95,3.82,1,Não
Kate Chen,42,Masculino,Analyst,19,38,84,2.79,1,Não
John Brown,29,Feminino,Engineer,1,67,45,2.65,5,Não
Lily Johnson,51,Masculino,Sales,9,33,7,4.05,8,Não
Nina Smith,43,Masculino,Analyst,17,34,36,1.1,10,Não
Kate Smith,57,Masculino,HR,1,51,48,1.02,10,Sim
Kate Kim,60,Masculino,Engineer,33,56,4,3.16,10,Não
Alex Garcia,31,Masculino,HR,9,42,45,1.33,8,Não
Max Johnson,51,Masculino,HR,13,33,91,2.97,1,Não
Lily Kim,29,Masculino,Manager,1,35,55,1.24,8,Não
Max Johnson,52,Masculino,Engineer,16,48,100,1.45,5,Não
Kate Garcia,45,Feminino,Analyst,6,36,49,1.43,10,Não
John Brown,47,Feminino,Manager,2,30,3,1.34,6,Não
Sam Wang,28,Masculino,Analyst,5,33,63,2.49,5,Não
Lily Wang,22,Feminino,Analyst,1,65,16,3.98,6,Não
Nina Smith,39,Masculino,Analyst,10,46,17,4.54,3,Não
Lily Brown,46,Feminino,Analyst,3,49,76,3.78,5,Não
Leo Ivanov,29,Feminino,Manager,7,70,45,1.22,1,Não
Alex Garcia,33,Feminino,Sales,9,66,91,2.96,1,Não
Kate Petrov,40,Feminino,Analyst,15,65,85,2.89,5,Não
Lily Kim,52,Masculino,Manager,18,55,39,1.5,1,Não
Nina Johnson,59,Feminino,HR,37,61,25,3.1,7,Não
Nina Kim,27,Masculino,Sales,4,51,11,3.41,1,Não
Max Wang,51,Masculino,Engineer,25,49,25,3.79,10,Não
Sam Ivanov,51,Feminino,Sales,29,31,60,4.14,1,Não
Ivan Chen,30,Masculino,Manager,4,53,15,1.69,2,Não
Kate Kim,48,Feminino,Analyst,15,54,16,4.02,2,Não
Ivan Wang,34,Masculino,Engineer,12,33,31,2.99,3,Não
Dina Petrov,56,Feminino,Sales,28,57,87,1.42,2,Não
Sam Chen,22,Masculino,HR,0,30,27,2.54,9,Não
Max Chen,25,Feminino,Sales,3,64,76,3.21,9,Não
Leo Johnson,37,Feminino,Engineer,4,51,90,1.84,5,Não
Dina Chen,25,Feminino,Manager,0,55,35,2.97,10,Sim
Sam Kim,29,Masculino,Manager,2,61,46,4.45,9,Não
Max Chen,23,Feminino,Manager,0,35,60,2.71,6,Não
Max Brown,28,Masculino,Sales,0,32,16,2.7,9,Não
Dina Brown,42,Masculino,Engineer,3,57,10,3.72,4,Não
Nina Johnson,57,Feminino,Manager,12,36,98,1.55,3,Não
Alex Chen,43,Feminino,Engineer,16,59,46,1.54,4,Não
Nina Smith,48,Masculino,HR,4,55,71,1.06,1,Não
Lily Garcia,30,Masculino,Sales,1,40,96,1.59,7,Não
Dina Petrov,57,Masculino,Analyst,19,48,63,4.57,4,Não
Sam Wang,59,Feminino,Manager,32,69,42,4.47,3,Não
Max Petrov,24,Masculino,Manager,2,57,50,1.39,4,Não
Max Lee,28,Masculino,Engineer,2,39,51,1.86,4,Não
Lily Smith,54,Masculino,Manager,2,30,75,2.5,1,Não
Alex Chen,45,Feminino,Sales,24,36,42,3.04,6,Não
John Kim,39,Feminino,HR,6,35,37,4.76,6,Não
Ivan Ivanov,30,Feminino,Analyst,4,34,45,2.95,8,Não
Leo Wang,26,Feminino,Analyst,5,41,100,1.5,6,Não
Alex Garcia,44,Feminino,Analyst,23,33,35,2.27,4,Não
Kate Brown,44,Feminino,HR,15,39,20,3.45,1,Não
Ivan Chen,53,Masculino,Analyst,19,45,61,2.02,2,Não
Alex Lee,26,Masculino,HR,5,44,51,1.53,8,Não
Alex Kim,54,Masculino,Manager,29,62,25,3.68,10,Não
Nina Wang,48,Masculino,Analyst,3,33,31,2.45,5,Não
Sam Lee,50,Feminino,Analyst,2,41,85,2.47,7,Não
Nina Petrov,24,Masculino,Analyst,2,57,73,2.36,1,Não
Nina Ivanov,29,Feminino,Analyst,3,69,75,2.75,7,Não
John Lee,24,Masculino,Sales,3,46,83,2.82,6,Não
Leo Petrov,42,Masculino,Analyst,7,47,84,3.34,7,Não
Kate Petrov,59,Feminino,Analyst,3,61,55,4.61,7,Não
Sam Ivanov,30,Masculino,Manager,5,58,37,2.48,3,Não
Lily Brown,47,Masculino,Engineer,22,44,53,2.61,8,Não
Ivan Lee,45,Feminino,Engineer,13,42,74,4.27,7,Não
Ivan Wang,31,Masculino,Analyst,5,62,10,1.38,6,Não
Kate Ivanov,59,Feminino,HR,29,39,8,4.81,3,Não
Sam Wang,50,Feminino,Manager,18,61,7,2.23,10,Sim
Sam Johnson,23,Feminino,Manager,0,59,93,3.34,3,Não
Lily Chen,35,Feminino,Sales,9,52,67,2.72,2,Não
Dina Ivanov,44,Masculino,HR,14,35,20,2.71,5,Não
Leo Garcia,55,Masculino,Manager,20,48,36,4.26,8,Não
Ivan Lee,46,Masculino,Manager,11,62,34,4.99,6,Não
John Johnson,29,Feminino,Engineer,8,35,50,2.93,3,Não
Nina Brown,60,Masculino,HR,34,43,78,4.41,7,Não
Ivan Ivanov,24,Masculino,Analyst,0,36,83,3.61,1,Não
Lily Wang,50,Feminino,Sales,4,64,14,1.78,3,Não
Sam Lee,50,Masculino,HR,11,52,40,3.39,9,Não
Leo Petrov,48,Masculino,Analyst,26,31,75,2.75,6,Não
Max Ivanov,49,Feminino,Sales,24,68,98,1.8,4,Não
Max Ivanov,45,Feminino,HR,18,39,56,1.36,6,Não
Dina Ivanov,51,Feminino,Manager,26,52,50,2.64,3,Não
Kate Brown,58,Masculino,Analyst,11,38,68,4.23,1,Não
Ivan Johnson,54,Masculino,Sales,2,60,31,4.94,6,Não
Lily Lee,22,Feminino,Manager,0,41,19,1.48,5,Não
Max Lee,32,Feminino,Sales,9,64,24,4.55,3,Não
Leo Ivanov,60,Feminino,Engineer,13,56,20,2.38,6,Não
John Garcia,50,Masculino,Sales,13,57,80,3.15,10,Não
Nina Johnson,55,Feminino,Analyst,2,47,78,1.33,1,Não
Leo Ivanov,47,Masculino,Analyst,23,50,48,1.6,3,Não
Max Johnson,48,Feminino,HR,15,54,29,2.85,8,Sim
Sam Garcia,30,Masculino,Manager,7,50,63,3.87,3,Não
Sam Smith,48,Feminino,HR,16,48,35,1.22,5,Não
Max Johnson,30,Masculino,Engineer,3,47,78,2.72,8,Não
Max Garcia,29,Feminino,Engineer,8,50,81,1.47,3,Não
Dina Smith,39,Feminino,HR,16,33,89,3.25,8,Não
Max Lee,48,Feminino,Manager,14,30,36,1.81,3,Não
Leo Lee,29,Feminino,Sales,3,43,36,4.45,7,Não
Dina Garcia,35,Masculino,Engineer,6,52,78,1.52,9,Sim
Kate Wang,51,Masculino,HR,20,38,21,1.85,6,Não
Dina Garcia,43,Masculino,Sales,18,31,91,3.0,2,Não
Dina Ivanov,27,Masculino,Manager,4,66,53,3.18,10,Não
Sam Ivanov,41,Masculino,HR,3,34,31,2.05,3,Não
Kate Smith,49,Masculino,Analyst,8,58,95,1.49,1,Não
Sam Kim,33,Masculino,Sales,4,35,49,1.9,9,Não
Dina Chen,39,Masculino,Engineer,0,38,86,4.66,4,Não
Leo Lee,27,Feminino,HR,4,60,1,3.24,8,Não
Sam Brown,53,Masculino,Engineer,10,57,65,2.97,2,Não
Lily Johnson,25,Masculino,Sales,3,48,72,4.03,1,Não
Ivan Lee,59,Feminino,Analyst,33,62,33,4.75,1,Não
Lily Lee,48,Masculino,Sales,15,51,98,1.66,6,Não
Alex Lee,45,Masculino,Analyst,13,35,6,3.52,3,Não
Max Johnson,56,Feminino,Analyst,35,62,13,2.97,2,Não
Nina Garcia,23,Feminino,Sales,2,61,1,2.63,6,Não
Alex Brown,23,Masculino,Sales,1,30,22,1.26,5,Não
Kate Ivanov,22,Masculino,Engineer,1,33,43,4.74,3,Não
Kate Ivanov,57,Feminino,Analyst,2,62,95,2.4,3,Não
Max Kim,54,Feminino,Analyst,22,52,55,4.1,2,Não
Ivan Lee,33,Masculino,Sales,2,55,24,4.19,4,Não
Leo Johnson,48,Feminino,Analyst,22,43,59,1.81,3,Não
Nina Petrov,30,Masculino,Manager,4,57,42,4.62,6,Não
Kate Kim,34,Masculino,Manager,13,32,75,4.8,6,Não
Sam Brown,30,Masculino,Sales,6,38,50,4.53,5,Não
John Chen,41,Feminino,Engineer,18,41,45,1.68,2,Não
Alex Lee,39,Feminino,Manager,12,60,89,3.75,7,Não
Max Ivanov,40,Masculino,Sales,9,38,22,1.55,1,Não
Nina Wang,43,Feminino,Manager,3,32,94,2.08,4,Não
Dina Ivanov,59,Masculino,Engineer,3,48,30,4.53,9,Não
John Lee,27,Masculino,Analyst,2,31,43,2.54,8,Não
Alex Lee,37,Feminino,Manager,12,57,88,2.18,5,Não
Dina Johnson,27,Feminino,Manager,5,30,40,3.05,8,Não
Kate Brown,48,Masculino,Engineer,12,53,12,3.83,2,Não
Lily Petrov,60,Feminino,Analyst,19,68,100,1.78,4,Não
Dina Petrov,23,Masculino,Manager,2,49,39,4.35,6,Não
Lily Wang,53,Masculino,Analyst,19,38,78,4.18,4,Não
Leo Lee,27,Masculino,Manager,0,59,42,3.04,10,Não
Leo Lee,59,Masculino,Analyst,23,43,6,4.95,9,Não
Kate Johnson,50,Feminino,HR,21,58,61,2.26,8,Sim
Kate Garcia,57,Masculino,HR,8,48,42,3.03,9,Não
Kate Petrov,52,Masculino,HR,30,53,17,3.62,7,Não
Sam Ivanov,44,Feminino,Analyst,13,52,49,1.25,8,Sim
Leo Wang,37,Masculino,Sales,8,31,41,2.58,5,Não
Leo Garcia,22,Feminino,Manager,1,60,79,1.21,10,Sim
Alex Petrov,50,Feminino,Engineer,7,69,30,5.0,9,Não
Nina Ivanov,49,Masculino,Sales,15,68,15,1.28,5,Não
Max Chen,32,Feminino,HR,7,68,37,1.88,9,Sim
Leo Petrov,32,Feminino,Manager,2,48,61,1.58,10,Não
Ivan Lee,60,Feminino,Sales,6,39,92,2.33,4,Não
John Garcia,36,Masculino,Manager,14,31,59,2.14,4,Não
John Lee,53,Masculino,Analyst,29,52,32,4.0,3,Não
Leo Chen,27,Feminino,Analyst,1,65,86,4.16,1,Não
Kate Chen,30,Masculino,Sales,4,70,83,4.16,1,Não
Lily Kim,47,Feminino,Sales,6,42,7,3.62,1,Não
Max Johnson,50,Feminino,Engineer,23,43,9,2.8,1,Não
Leo Petrov,27,Masculino,Sales,0,58,3,3.64,6,Não
Sam Chen,45,Feminino,Analyst,22,41,52,2.71,10,Não
Sam Brown,56,Feminino,HR,27,68,24,4.93,4,Não
Nina Kim,39,Feminino,Manager,17,62,17,4.29,1,Não
Ivan Ivanov,54,Feminino,Analyst,11,47,82,3.39,3,Não
Max Kim,57,Masculino,Sales,22,34,10,4.42,6,Não
Ivan Smith,38,Masculino,Sales,11,58,48,4.78,8,Não
John Wang,43,Masculino,Analyst,17,33,38,4.5,2,Não
Alex Garcia,43,Masculino,Sales,6,30,81,4.07,3,Não
Leo Brown,23,Feminino,Engineer,2,30,96,4.34,9,Não
Nina Petrov,39,Feminino,Engineer,9,41,74,1.15,4,Não
Max Johnson,50,Masculino,HR,11,69,66,4.89,8,Não
Dina Ivanov,53,Feminino,Manager,29,53,67,3.41,8,Não
Ivan Wang,35,Masculino,Analyst,3,61,76,1.71,2,Não
Nina Brown,46,Feminino,Manager,22,45,72,2.46,10,Não
Alex Wang,28,Masculino,Sales,1,57,24,2.26,8,Sim
Nina Smith,50,Feminino,Manager,18,40,22,4.48,3,Não
Lily Garcia,24,Masculino,Sales,3,68,94,1.54,2,Não
Sam Kim,43,Feminino,HR,11,68,42,4.89,5,Não
Ivan Chen,44,Feminino,Engineer,20,56,41,2.0,1,Não
Dina Petrov,32,Masculino,Sales,11,61,26,3.95,10,Não
Sam Petrov,28,Masculino,Manager,6,56,77,4.29,9,Não
John Petrov,40,Feminino,Engineer,7,61,43,1.41,1,Não
Max Johnson,50,Masculino,Analyst,25,38,96,3.96,10,Não
Leo Wang,31,Feminino,HR,6,55,85,4.84,6,Não
Max Wang,28,Masculino,Manager,6,56,34,2.29,8,Sim
Lily Lee,48,Masculino,HR,27,51,64,1.67,6,Não
Leo Brown,60,Feminino,HR,9,55,20,3.48,9,Não
John Brown,44,Feminino,Manager,23,57,48,3.96,1,Não
Leo Johnson,59,Masculino,Manager,33,30,46,1.99,10,Não
John Chen,23,Feminino,Engineer,0,46,15,3.38,9,Não
Leo Johnson,46,Masculino,Sales,2,36,88,3.58,2,Não
Dina Ivanov,52,Feminino,Engineer,4,37,8,2.79,8,Não
Alex Brown,31,Masculino,Analyst,9,64,50,4.59,9,Não
Leo Chen,26,Feminino,Engineer,2,46,92,2.58,8,Não
Kate Garcia,58,Masculino,HR,13,58,33,3.36,9,Não
Alex Wang,24,Masculino,HR,1,59,63,2.0,8,Sim
Kate Brown,52,Feminino,Engineer,6,39,73,3.75,8,Não
John Smith,31,Feminino,Manager,7,48,56,4.7,6,Não
Sam Garcia,30,Feminino,Manager,7,55,48,3.24,5,Não
Alex Kim,22,Feminino,Analyst,1,43,27,3.98,1,Não
Dina Garcia,41,Masculino,Manager,18,35,50,1.88,1,Não
Max Ivanov,36,Feminino,Analyst,8,31,36,1.32,3,Não
Nina Garcia,27,Feminino,Manager,0,39,5,2.71,4,Não
Alex Chen,48,Masculino,Engineer,0,40,65,1.44,9,Não
Ivan Petrov,29,Masculino,Sales,0,54,27,4.11,8,Não
Dina Kim,22,Feminino,HR,1,65,99,2.75,2,Não
Alex Petrov,30,Masculino,Engineer,1,48,88,4.17,10,Não
Dina Ivanov,59,Feminino,Manager,11,54,8,1.39,4,Não
Alex Smith,29,Feminino,Sales,4,39,47,3.67,3,Não
Nina Lee,48,Masculino,Engineer,5,33,81,2.27,5,Não
Leo Wang,40,Masculino,Engineer,16,47,46,4.48,8,Não
Leo Chen,59,Feminino,Sales,31,50,81,2.2,6,Não
Dina Wang,42,Masculino,Engineer,0,52,32,2.93,10,Sim
Leo Kim,23,Feminino,HR,1,48,42,3.09,6,Não
Kate Chen,58,Feminino,Sales,0,31,41,1.47,10,Não
Nina Smith,54,Feminino,Manager,1,41,34,1.68,10,Não
Nina Garcia,25,Masculino,Sales,1,64,25,4.88,8,Não
Nina Brown,44,Feminino,Sales,18,57,53,4.45,1,Não
Lily Johnson,50,Masculino,HR,27,40,37,3.31,9,Não
Sam Johnson,49,Masculino,Analyst,24,59,48,3.29,10,Não
Leo Wang,33,Feminino,HR,7,32,75,1.75,9,Não
Max Brown,31,Feminino,Engineer,5,44,81,3.17,3,Não
Sam Smith,25,Masculino,Engineer,3,38,70,3.29,10,Não
Dina Ivanov,34,Masculino,Analyst,3,62,48,1.84,8,Sim
Alex Garcia,29,Masculino,Engineer,6,70,86,2.88,9,Sim
Ivan Wang,44,Feminino,Manager,18,33,14,3.69,8,Não
Max Johnson,59,Masculino,Sales,18,62,24,4.74,2,Não
Kate Garcia,30,Masculino,HR,8,55,37,4.85,9,Não
Max Kim,26,Feminino,Analyst,3,58,8,2.6,2,Não
Ivan Chen,36,Masculino,Manager,0,64,93,3.15,4,Não
Kate Chen,59,Masculino,Analyst,38,61,52,3.61,9,Não
Nina Ivanov,53,Masculino,Sales,0,44,31,4.71,2,Não
Dina Ivanov,33,Feminino,Sales,11,66,96,3.14,6,Não
Kate Smith,24,Feminino,Analyst,3,69,70,3.07,7,Não
Sam Ivanov,42,Feminino,Engineer,4,57,87,3.11,2,Não
Alex Kim,58,Masculino,Sales,33,32,39,1.59,4,Não
John Brown,51,Feminino,Sales,3,46,27,1.0,10,Não
Kate Kim,52,Masculino,HR,24,37,40,4.26,8,Não
Max Ivanov,34,Feminino,HR,13,39,51,2.63,9,Não
Kate Garcia,31,Masculino,Sales,10,46,12,3.02,7,Não
Kate Lee,32,Feminino,Manager,5,55,12,2.16,9,Sim
Nina Johnson,48,Feminino,Engineer,10,61,37,3.69,5,Não
Sam Johnson,28,Feminino,HR,2,64,54,3.14,2,Não
Nina Wang,58,Masculino,Engineer,36,46,70,3.79,7,Não
John Petrov,28,Feminino,Engineer,4,68,30,1.26,1,Não
Ivan Johnson,54,Masculino,Engineer,16,44,93,2.26,9,Não
Ivan Johnson,51,Feminino,Sales,21,59,39,4.58,10,Não
Nina Lee,56,Masculino,Sales,30,67,8,4.52,4,Não
Nina Garcia,40,Masculino,Manager,9,34,30,2.37,8,Não
John Kim,22,Feminino,HR,1,43,52,2.85,1,Não
Lily Kim,22,Masculino,Analyst,0,47,37,2.35,2,Não
John Lee,27,Feminino,Engineer,1,38,97,3.94,9,Não
Dina Smith,43,Feminino,Sales,1,53,65,3.24,4,Não
Lily Lee,45,Feminino,Engineer,15,33,38,2.45,6,Não
Leo Brown,33,Feminino,HR,9,45,100,3.92,3,Não
Alex Lee,49,Masculino,Analyst,14,58,25,4.44,7,Não
Kate Smith,23,Feminino,Sales,0,53,41,3.38,2,Não
Max Smith,26,Feminino,HR,1,38,4,2.01,1,Não
Lily Smith,45,Masculino,Engineer,1,59,65,3.15,4,Não
Sam Chen,59,Masculino,Engineer,13,47,19,3.98,2,Não
Alex Wang,36,Masculino,HR,13,53,23,1.7,9,Sim
Leo Smith,58,Feminino,HR,36,36,12,2.83,7,Não
Ivan Johnson,43,Masculino,Analyst,3,53,36,2.3,3,Não
Nina Lee,60,Feminino,Sales,0,59,91,4.1,1,Não
Nina Ivanov,36,Masculino,HR,6,67,49,4.38,1,Não
Kate Petrov,51,Feminino,HR,26,32,47,1.97,7,Não
Dina Petrov,51,Masculino,Analyst,5,31,26,4.96,8,Não
Ivan Garcia,46,Feminino,Analyst,2,40,31,3.45,10,Não
John Wang,23,Feminino,HR,1,44,90,1.62,5,Não
Leo Petrov,60,Masculino,HR,33,63,32,3.61,8,Não
Nina Kim,32,Masculino,Analyst,9,49,75,4.52,10,Não
Sam Johnson,51,Feminino,HR,11,59,71,2.56,9,Sim
John Chen,29,Masculino,Analyst,6,38,39,1.22,9,Não
Max Smith,38,Feminino,Sales,11,54,1,2.23,8,Sim
Dina Wang,30,Masculino,Engineer,3,64,61,4.73,9,Não
Ivan Smith,52,Masculino,Analyst,23,41,77,3.58,8,Não
Max Brown,55,Masculino,Analyst,31,54,38,4.16,8,Não
Lily Lee,60,Feminino,Engineer,24,31,43,4.1,1,Não
Nina Chen,37,Masculino,Engineer,0,57,71,3.06,6,Não
Nina Chen,50,Masculino,Manager,23,38,12,3.48,9,Não
Dina Garcia,54,Feminino,Engineer,10,39,67,3.78,1,Não
Leo Chen,27,Masculino,Sales,0,46,35,4.7,3,Não
Nina Smith,48,Masculino,Analyst,12,44,73,3.33,6,Não
Ivan Kim,46,Masculino,Analyst,17,42,67,1.41,10,Não
Ivan Johnson,28,Feminino,Manager,1,33,38,2.32,8,Não
Lily Petrov,33,Masculino,Sales,11,57,85,1.73,7,Não
Ivan Ivanov,38,Masculino,Analyst,14,35,44,3.91,10,Não
Lily Smith,35,Masculino,Sales,4,67,24,4.31,8,Não
Kate Brown,42,Feminino,Manager,8,64,98,3.23,7,Não
Leo Lee,49,Masculino,Sales,27,37,19,2.25,8,Não
Lily Chen,51,Feminino,Sales,16,32,74,4.12,5,Não
Ivan Smith,48,Feminino,HR,26,41,99,1.18,9,Não
Sam Chen,53,Feminino,HR,0,46,57,3.0,10,Não
Lily Kim,43,Masculino,Sales,10,31,45,4.04,7,Não
Leo Brown,46,Feminino,Analyst,15,33,19,4.27,9,Não
Ivan Smith,54,Masculino,Sales,33,41,65,1.31,9,Não
Lily Ivanov,47,Masculino,Manager,12,41,63,3.48,3,Não
Sam Lee,59,Masculino,Sales,18,48,64,2.53,3,Não
Nina Johnson,27,Feminino,Analyst,1,35,72,1.54,6,Não
Lily Wang,27,Feminino,Engineer,5,37,33,4.85,3,Não
Dina Smith,50,Feminino,Sales,28,51,45,1.7,2,Não
Lily Chen,54,Masculino,Sales,30,61,37,1.8,8,Sim
Alex Brown,39,Feminino,Engineer,2,61,23,3.83,4,Não
Alex Ivanov,32,Masculino,HR,8,41,16,3.62,3,Não
Lily Wang,39,Masculino,Analyst,4,38,89,3.25,7,Não
Ivan Kim,38,Feminino,Engineer,11,58,36,4.88,3,Não
Sam Chen,34,Masculino,Manager,4,59,9,4.29,10,Não
Ivan Petrov,37,Feminino,Sales,15,36,5,3.96,6,Não
John Chen,48,Feminino,Analyst,19,58,49,1.46,9,Sim
John Smith,26,Feminino,Analyst,4,33,71,2.61,3,Não
Kate Smith,38,Feminino,Engineer,13,40,81,3.17,6,Não
Lily Kim,33,Masculino,Engineer,9,53,36,2.17,2,Não
Ivan Garcia,39,Masculino,Sales,14,61,100,1.16,2,Não
Alex Smith,25,Masculino,Sales,3,48,100,1.3,4,Não
Leo Lee,40,Feminino,Engineer,1,65,72,4.49,5,Não
Leo Brown,27,Feminino,HR,6,41,51,3.26,2,Não
Max Brown,54,Feminino,Engineer,2,70,64,1.72,1,Não
Nina Garcia,22,Masculino,HR,1,64,90,4.68,7,Não
Max Ivanov,43,Feminino,Analyst,6,40,68,3.91,4,Não
Kate Garcia,42,Masculino,HR,14,46,8,2.65,10,Não
John Petrov,55,Feminino,Sales,10,44,62,3.9,10,Não
Ivan Kim,58,Feminino,Sales,9,65,29,1.6,2,Não
John Petrov,39,Masculino,Manager,6,61,7,2.66,1,Não
Max Wang,27,Feminino,Sales,5,62,41,3.25,10,Não
John Chen,32,Feminino,Analyst,5,45,99,1.53,4,Não
John Ivanov,22,Masculino,Engineer,0,30,98,4.71,5,Não
Max Johnson,48,Feminino,Engineer,4,41,76,3.11,10,Não
Sam Smith,58,Feminino,Manager,11,31,56,2.04,4,Não
Nina Kim,28,Masculino,Engineer,0,36,42,3.49,4,Não
Dina Chen,33,Masculino,Sales,5,39,63,1.16,6,Não
John Johnson,27,Feminino,HR,5,48,86,2.44,10,Não
Max Wang,39,Masculino,Sales,8,49,94,2.68,7,Não
Kate Chen,52,Masculino,Manager,30,48,6,1.83,3,Não
Leo Kim,27,Feminino,Engineer,1,34,96,2.18,5,Não
Leo Garcia,41,Feminino,Manager,16,69,99,2.28,7,Não
Ivan Petrov,24,Masculino,Analyst,3,67,5,4.94,8,Não
Dina Wang,26,Masculino,Manager,0,48,25,4.3,2,Não
Alex Chen,45,Masculino,HR,13,35,36,4.31,8,Não
Ivan Wang,58,Masculino,Sales,14,60,96,1.76,2,Não
Dina Johnson,48,Masculino,HR,17,45,30,1.22,8,Não
Nina Smith,53,Feminino,Engineer,31,67,85,1.41,1,Não
Sam Wang,43,Masculino,Engineer,8,59,32,2.45,3,Não
Leo Brown,33,Feminino,Manager,7,53,64,4.92,5,Não
Lily Garcia,52,Feminino,Analyst,28,42,55,3.17,1,Não
Nina Smith,37,Feminino,HR,11,65,27,3.32,10,Não
Leo Petrov,55,Feminino,Analyst,3,64,32,2.49,3,Não
Ivan Wang,30,Feminino,Manager,3,56,14,1.4,5,Não
Nina Lee,59,Masculino,Sales,8,47,5,3.37,2,Não
Kate Kim,47,Feminino,Engineer,12,52,67,4.95,3,Não
Lily Johnson,59,Masculino,Sales,33,67,59,4.89,6,Não
Leo Garcia,40,Masculino,Manager,18,54,38,4.85,3,Não
Lily Garcia,55,Masculino,HR,3,59,51,1.51,8,Sim
Alex Petrov,34,Feminino,Sales,12,33,11,2.18,1,Não
Ivan Kim,40,Feminino,Sales,6,63,93,1.68,9,Sim
Sam Ivanov,56,Feminino,Analyst,18,40,72,3.22,4,Não
Max Smith,51,Feminino,HR,2,48,51,4.79,6,Não
Ivan Ivanov,27,Masculino,Manager,1,68,90,2.75,1,Não
Ivan Smith,42,Feminino,HR,15,49,19,3.79,6,Não
Leo Smith,34,Masculino,Manager,8,37,49,4.23,4,Não
Ivan Lee,54,Masculino,Engineer,21,51,59,1.73,7,Não
Sam Wang,33,Masculino,Sales,5,32,96,1.68,10,Não
Sam Kim,38,Feminino,HR,4,47,59,2.17,1,Não
Alex Lee,55,Masculino,Engineer,26,70,12,2.21,9,Sim
Leo Brown,48,Feminino,Analyst,8,32,35,2.09,1,Não
Sam Petrov,45,Feminino,HR,17,40,81,3.5,7,Não
Nina Garcia,58,Feminino,HR,22,63,88,3.73,3,Não
Leo Lee,25,Masculino,Analyst,0,67,92,2.27,5,Não
John Ivanov,49,Feminino,HR,11,37,53,3.31,6,Não
John Petrov,56,Masculino,Analyst,18,41,27,2.69,5,Não
Lily Wang,32,Feminino,HR,9,57,17,1.88,5,Não
Nina Johnson,23,Masculino,HR,1,36,70,1.29,7,Não
Ivan Johnson,54,Feminino,Analyst,16,69,17,4.12,1,Não
Kate Lee,45,Masculino,Sales,0,52,25,1.22,6,Não
Nina Lee,45,Masculino,Engineer,4,56,62,4.54,6,Não
Alex Kim,35,Masculino,Engineer,10,64,53,2.57,9,Sim
Kate Ivanov,56,Masculino,Engineer,9,56,76,2.33,7,Não
Max Garcia,41,Masculino,HR,11,38,8,4.21,5,Não
Leo Garcia,49,Feminino,Sales,27,44,22,3.54,8,Não
Alex Johnson,44,Masculino,Sales,17,39,6,1.05,1,Não
Alex Wang,50,Masculino,Manager,28,61,76,3.74,7,Não
Lily Brown,33,Masculino,HR,1,56,96,1.64,3,Não
Lily Johnson,44,Masculino,HR,13,40,6,3.31,2,Não
Max Petrov,57,Masculino,Sales,13,52,74,4.77,2,Não
Kate Kim,26,Feminino,Engineer,0,56,66,1.19,6,Não
Sam Chen,41,Masculino,HR,19,69,35,4.41,7,Não
John Petrov,46,Masculino,Manager,4,57,68,2.89,9,Sim
Alex Lee,26,Feminino,Manager,1,59,46,3.13,9,Não
Sam Smith,34,Feminino,Manager,7,30,82,4.15,7,Não
Lily Garcia,37,Masculino,Manager,9,43,34,1.18,8,Não
John Johnson,23,Masculino,Analyst,2,50,21,3.32,3,Não
Dina Petrov,49,Masculino,Analyst,8,60,39,4.25,1,Não
Kate Petrov,59,Feminino,Sales,14,58,83,1.55,3,Não
Nina Smith,22,Masculino,Sales,1,57,13,3.94,1,Não
Ivan Petrov,38,Feminino,Sales,16,65,7,1.4,9,Sim
Alex Kim,41,Masculino,HR,4,49,80,2.89,10,Não
Alex Garcia,49,Masculino,Engineer,8,36,72,4.6,9,Não
Ivan Chen,44,Feminino,Manager,6,39,24,1.68,5,Não
John Wang,41,Masculino,Analyst,19,65,51,2.67,4,Não
Ivan Chen,27,Masculino,Analyst,4,48,53,2.37,5,Não
Ivan Petrov,55,Feminino,Engineer,0,39,21,1.99,7,Não
Leo Brown,22,Feminino,HR,0,57,18,4.29,6,Não
John Kim,22,Feminino,Analyst,0,67,89,1.74,1,Não
Sam Garcia,38,Feminino,Manager,12,66,26,3.79,6,Não
Ivan Wang,46,Feminino,Sales,19,38,16,4.06,5,Não
Sam Wang,31,Feminino,Analyst,1,42,13,3.93,6,Não
Leo Garcia,56,Feminino,HR,4,36,59,2.4,2,Não
Kate Chen,25,Masculino,Sales,2,52,57,3.78,5,Não
Ivan Smith,57,Feminino,Manager,27,30,53,1.32,2,Não
Max Ivanov,51,Feminino,Sales,10,34,48,2.11,7,Não
Leo Ivanov,55,Masculino,Sales,23,30,46,2.05,8,Não
John Ivanov,27,Masculino,Analyst,3,35,65,1.06,7,Não
Max Brown,30,Feminino,Engineer,3,37,14,4.32,7,Não
Lily Ivanov,43,Feminino,Engineer,11,51,71,2.59,4,Não
Dina Lee,28,Masculino,HR,6,57,82,2.04,7,Não
Dina Brown,35,Feminino,Engineer,1,64,89,4.18,7,Não
Ivan Petrov,56,Masculino,HR,12,54,29,4.04,4,Não
Lily Petrov,35,Masculino,Analyst,6,31,76,2.29,6,Não
Sam Chen,49,Feminino,Manager,10,61,13,2.15,1,Não
John Brown,35,Masculino,Sales,12,35,71,3.65,5,Não
Dina Lee,23,Masculino,Sales,2,61,66,1.87,6,Não
Lily Wang,45,Feminino,Analyst,6,50,13,3.59,8,Não
Kate Chen,29,Feminino,Engineer,5,49,99,3.66,8,Não
Leo Petrov,56,Feminino,Engineer,31,50,45,2.85,10,Não
Sam Lee,59,Feminino,Analyst,18,61,85,3.28,9,Não
Alex Brown,47,Feminino,Engineer,10,33,24,3.63,1,Não
Sam Lee,40,Masculino,Manager,4,69,15,3.88,3,Não
Max Smith,30,Feminino,Manager,0,63,48,1.61,6,Não
Leo Smith,58,Feminino,HR,17,70,67,3.97,7,Não
John Chen,58,Feminino,Engineer,37,58,24,4.91,9,Não
Max Ivanov,22,Masculino,Analyst,1,44,87,1.4,1,Não
John Petrov,60,Masculino,Sales,24,32,24,4.77,2,Não
Ivan Brown,27,Masculino,Engineer,3,50,51,1.94,6,Não
Leo Garcia,22,Feminino,Engineer,1,58,28,2.57,7,Não
Ivan Lee,26,Masculino,Analyst,4,68,39,3.32,5,Não
Max Brown,22,Masculino,Sales,0,53,28,4.24,8,Não
Ivan Smith,35,Masculino,Analyst,9,31,73,3.15,10,Não
Sam Ivanov,39,Feminino,Analyst,13,69,62,3.69,1,Não
Sam Wang,40,Feminino,Engineer,4,43,28,1.65,7,Não
Ivan Johnson,43,Feminino,Engineer,14,51,84,3.77,6,Não
Nina Ivanov,23,Masculino,Manager,2,46,87,3.15,9,Não
Max Wang,44,Feminino,Sales,21,48,83,2.01,2,Não
Lily Garcia,32,Masculino,Manager,7,37,50,1.01,2,Não
Max Smith,29,Masculino,Sales,5,38,43,3.14,9,Não
Leo Smith,59,Masculino,Analyst,10,43,43,2.68,2,Não
Dina Kim,37,Feminino,Manager,6,61,71,1.12,3,Não
Lily Wang,59,Masculino,Manager,24,41,95,1.35,9,Não
Sam Wang,58,Feminino,HR,1,48,97,4.05,6,Não
Sam Lee,46,Feminino,Analyst,16,32,42,3.4,5,Não
Lily Garcia,49,Feminino,Engineer,8,68,76,1.4,5,Não
Dina Johnson,39,Feminino,Manager,11,31,44,3.05,5,Não
Nina Petrov,29,Feminino,Manager,2,36,22,3.02,7,Não
Leo Lee,44,Feminino,Engineer,8,39,70,2.91,3,Não
Alex Lee,23,Masculino,Sales,1,36,96,2.06,6,Não
Leo Smith,48,Feminino,Sales,11,38,18,1.4,9,Não
Sam Chen,49,Masculino,Sales,22,32,65,3.36,3,Não
Dina Petrov,43,Feminino,Manager,0,36,67,2.52,4,Não
Dina Kim,56,Feminino,Sales,35,67,39,1.43,7,Não
Ivan Brown,47,Feminino,HR,25,68,8,3.68,9,Não
Ivan Brown,24,Feminino,Engineer,1,57,8,4.36,2,Não
Nina Lee,47,Feminino,Manager,25,55,45,3.01,5,Não
Kate Brown,58,Masculino,Analyst,30,56,36,4.13,8,Não
Leo Wang,27,Masculino,Sales,4,68,37,1.15,6,Não
Dina Chen,46,Feminino,HR,11,38,1,1.81,5,Não
Kate Ivanov,58,Feminino,Sales,35,38,11,2.29,6,Não
Ivan Kim,47,Feminino,Manager,23,67,27,2.25,3,Não
Max Wang,38,Feminino,Manager,2,55,78,4.57,9,Não
Alex Chen,43,Feminino,Engineer,19,53,10,1.35,10,Sim
Leo Brown,23,Feminino,Analyst,0,57,70,2.48,3,Não
Ivan Brown,53,Feminino,Engineer,24,31,77,3.94,4,Não
Dina Chen,31,Feminino,HR,0,35,77,1.44,6,Não
Dina Garcia,43,Feminino,Sales,2,43,81,2.08,5,Não
Dina Lee,24,Feminino,Engineer,3,52,67,1.48,10,Sim
John Wang,49,Feminino,Analyst,12,45,5,3.19,8,Não
Max Brown,28,Masculino,Engineer,4,43,94,1.2,2,Não
Lily Wang,54,Feminino,Sales,33,41,43,4.68,9,Não
John Wang,53,Feminino,Manager,7,52,42,4.57,7,Não
Alex Lee,27,Feminino,Engineer,1,47,74,1.62,1,Não
John Petrov,29,Feminino,Analyst,5,38,62,2.29,3,Não
Max Kim,40,Feminino,Analyst,13,40,22,3.71,3,Não
Alex Brown,26,Masculino,Manager,3,32,17,2.85,6,Não
Dina Wang,40,Masculino,Manager,17,70,8,2.88,9,Sim
Lily Garcia,35,Masculino,Manager,8,48,15,4.16,8,Não
Sam Petrov,50,Masculino,Manager,28,34,15,4.54,7,Não
Sam Lee,29,Masculino,Engineer,6,62,23,2.78,3,Não
Kate Garcia,38,Masculino,Sales,13,42,58,4.44,4,Não
Dina Garcia,37,Masculino,HR,13,48,63,4.12,10,Não
Dina Kim,23,Feminino,HR,1,45,91,4.0,2,Não
Kate Garcia,25,Masculino,Analyst,0,56,33,4.87,3,Não
Leo Kim,35,Feminino,HR,0,48,75,4.29,1,Não
Dina Kim,40,Masculino,Sales,18,57,41,2.88,7,Não
Leo Smith,28,Masculino,Analyst,0,45,76,4.42,6,Não
Alex Lee,37,Masculino,Manager,11,59,77,1.51,1,Não
Max Ivanov,38,Feminino,HR,7,44,8,1.22,8,Não
Kate Wang,27,Masculino,Analyst,6,48,32,1.18,5,Não
Ivan Lee,25,Feminino,Engineer,0,67,37,4.06,2,Não
Lily Brown,58,Feminino,Sales,22,64,77,4.42,2,Não
Leo Wang,44,Feminino,Analyst,23,32,94,1.63,9,Não
Lily Ivanov,25,Masculino,HR,1,38,39,1.73,5,Não
Leo Ivanov,25,Feminino,Sales,2,32,65,2.9,9,Não
John Smith,30,Feminino,Manager,2,43,60,4.84,4,Não
Max Brown,43,Feminino,HR,8,70,94,2.78,9,Sim
John Ivanov,44,Feminino,Sales,5,38,0,5.0,4,Não
Dina Johnson,37,Masculino,Sales,6,57,45,3.65,9,Não
Alex Petrov,44,Feminino,HR,5,62,63,3.44,7,Não
Kate Lee,25,Masculino,Sales,0,57,99,4.33,7,Não
John Brown,38,Feminino,HR,9,67,29,2.35,8,Sim
Sam Brown,26,Masculino,Sales,0,59,54,2.7,1,Não
Lily Lee,59,Masculino,Analyst,19,53,9,1.56,9,Sim
Max Garcia,37,Masculino,Manager,5,64,43,3.41,6,Não
Dina Garcia,51,Feminino,Manager,11,48,81,3.38,4,Não
Lily Johnson,34,Masculino,Engineer,11,37,63,2.46,2,Não
Leo Wang,57,Feminino,Engineer,16,30,90,3.16,9,Não
Max Wang,60,Masculino,Analyst,33,58,51,4.22,8,Não
Alex Johnson,58,Masculino,Sales,28,42,25,1.33,10,Não
John Ivanov,23,Feminino,HR,2,66,47,1.27,9,Sim
Alex Johnson,25,Feminino,Analyst,1,60,55,3.39,4,Não
Kate Ivanov,23,Masculino,HR,0,40,53,2.44,5,Não
Kate Chen,53,Masculino,Analyst,10,50,41,1.12,8,Não
John Chen,59,Masculino,Analyst,38,36,22,3.22,8,Não
Nina Chen,45,Masculino,HR,9,38,56,3.67,5,Não
Lily Ivanov,51,Feminino,Analyst,4,60,2,1.41,6,Não
Ivan Kim,55,Feminino,Manager,4,36,38,4.17,5,Não
Nina Wang,33,Masculino,Analyst,8,51,11,2.01,5,Não
Alex Ivanov,41,Masculino,Manager,18,58,5,3.5,4,Não
Kate Kim,24,Masculino,Analyst,1,44,5,3.41,7,Não
Leo Wang,31,Feminino,HR,6,34,44,2.34,3,Não
Max Lee,55,Masculino,HR,1,34,34,2.81,1,Não
Ivan Wang,57,Feminino,Sales,9,66,76,1.26,8,Sim
Max Chen,38,Masculino,Analyst,1,47,22,4.9,1,Não
Nina Garcia,49,Masculino,Engineer,25,62,9,2.76,1,Não
Kate Wang,48,Feminino,Analyst,0,45,50,4.47,8,Não
Leo Ivanov,39,Masculino,Engineer,2,67,49,1.07,5,Não
Nina Wang,25,Feminino,HR,1,70,85,2.7,9,Sim
Dina Petrov,60,Masculino,Engineer,32,40,30,3.82,3,Não
Leo Ivanov,51,Masculino,Sales,7,68,7,3.12,3,Não
Sam Petrov,26,Masculino,Manager,1,34,46,1.96,1,Não
Leo Wang,59,Masculino,Sales,9,55,68,3.95,4,Não
Nina Chen,40,Feminino,HR,6,37,95,2.21,7,Não
Max Petrov,31,Feminino,HR,4,50,99,3.42,7,Não
Ivan Garcia,48,Feminino,Analyst,12,56,11,4.65,2,Não
Nina Ivanov,39,Feminino,HR,15,35,14,1.95,1,Não
Kate Kim,30,Feminino,Analyst,4,44,86,1.03,7,Não
Alex Petrov,53,Masculino,Sales,22,35,94,1.28,6,Não
Leo Johnson,34,Feminino,Analyst,8,55,7,1.4,1,Não
Nina Wang,36,Feminino,Analyst,12,33,34,4.45,1,Não
Sam Garcia,28,Feminino,HR,4,42,57,1.41,6,Não
Ivan Johnson,50,Masculino,Sales,17,44,65,4.42,10,Não
Leo Wang,35,Masculino,Engineer,5,57,72,4.06,8,Não
Alex Kim,37,Masculino,Analyst,12,45,32,2.49,4,Não
Leo Brown,33,Masculino,Analyst,8,44,24,1.42,10,Não
Sam Kim,53,Masculino,HR,16,52,47,4.79,1,Não
Kate Kim,29,Masculino,HR,8,64,29,1.13,10,Sim
John Smith,53,Masculino,Engineer,29,49,20,3.03,9,Não
John Ivanov,42,Feminino,Engineer,5,46,62,2.9,1,Não
John Brown,46,Feminino,Engineer,9,38,23,2.04,1,Não
Alex Lee,60,Feminino,Manager,29,64,59,2.88,8,Sim
Dina Garcia,25,Feminino,Manager,2,49,45,3.53,9,Não
Nina Ivanov,57,Masculino,Engineer,11,61,14,1.91,5,Não
Max Johnson,34,Feminino,HR,0,40,22,3.19,5,Não
John Lee,23,Masculino,Engineer,1,64,72,4.91,8,Não
Kate Chen,56,Masculino,HR,10,33,97,4.81,3,Não
John Kim,24,Masculino,Sales,3,49,67,1.47,9,Não
Kate Smith,33,Masculino,Engineer,8,68,49,2.34,7,Não
Sam Wang,45,Masculino,HR,4,69,97,3.6,4,Não
Sam Kim,35,Feminino,Sales,8,50,82,4.77,5,Não
Dina Garcia,42,Masculino,Sales,20,37,17,2.02,6,Não
John Garcia,36,Feminino,HR,15,49,62,2.64,5,Não
Dina Petrov,47,Masculino,Analyst,20,30,90,1.27,4,Não
Leo Petrov,27,Masculino,Manager,2,35,42,4.94,3,Não
Leo Lee,27,Feminino,Sales,6,54,95,4.3,10,Não
Alex Kim,35,Masculino,Analyst,2,65,45,1.91,8,Sim
Lily Chen,31,Feminino,HR,2,42,36,1.53,4,Não
Alex Brown,58,Masculino,Analyst,18,45,58,2.91,1,Não
Lily Garcia,36,Masculino,Engineer,7,62,45,3.82,5,Não
Ivan Garcia,26,Feminino,HR,3,70,5,2.88,1,Não
Leo Garcia,33,Feminino,Analyst,9,62,4,1.35,9,Sim
Nina Garcia,38,Masculino,Engineer,10,46,71,3.92,1,Não
Kate Brown,27,Feminino,Engineer,2,40,71,2.99,8,Não
Kate Brown,22,Masculino,HR,0,33,26,3.79,7,Não
Ivan Kim,60,Masculino,HR,28,36,54,1.88,8,Não
Max Johnson,36,Feminino,Engineer,8,34,74,3.38,7,Não
Sam Petrov,31,Feminino,HR,8,33,42,3.86,10,Não
Alex Garcia,35,Feminino,Manager,11,65,16,4.28,1,Não
Lily Ivanov,29,Masculino,Analyst,4,38,7,3.02,4,Não
Nina Brown,37,Masculino,Manager,8,69,86,4.36,2,Não
Kate Garcia,60,Masculino,Manager,31,38,33,4.92,8,Não
John Lee,40,Masculino,HR,8,51,72,3.99,10,Não
Ivan Chen,31,Masculino,Analyst,10,60,28,2.45,6,Não
Leo Kim,35,Masculino,Analyst,14,56,78,2.35,1,Não
Max Wang,36,Masculino,Analyst,7,60,53,1.24,1,Não
Sam Brown,30,Feminino,Manager,5,47,55,2.71,4,Não
Leo Ivanov,55,Masculino,Sales,2,31,77,4.12,10,Não
John Ivanov,40,Feminino,Engineer,4,53,86,4.2,7,Não
Max Wang,55,Feminino,Manager,28,49,6,4.07,2,Não
Alex Kim,44,Masculino,Engineer,14,43,22,1.24,8,Não
Max Petrov,51,Feminino,Engineer,14,45,19,4.34,9,Não
Nina Wang,27,Feminino,Engineer,3,59,64,2.44,1,Não
Nina Johnson,41,Masculino,Sales,1,40,4,2.35,6,Não
Lily Lee,34,Masculino,Manager,5,50,47,3.82,3,Não
Sam Petrov,35,Feminino,Manager,6,47,89,3.91,4,Não
Lily Chen,34,Masculino,Analyst,8,36,22,2.98,3,Não
Lily Lee,51,Masculino,Manager,3,33,95,4.92,9,Não
Lily Lee,47,Masculino,Analyst,12,36,95,1.02,4,Não
Kate Lee,30,Masculino,Analyst,2,61,97,2.05,4,Não
Max Kim,56,Masculino,Manager,31,59,75,2.71,10,Sim
Sam Petrov,36,Feminino,Analyst,11,49,55,1.01,10,Não
Max Kim,23,Masculino,Sales,0,68,95,3.73,7,Não
John Brown,46,Feminino,Analyst,9,54,45,1.17,3,Não
Alex Ivanov,29,Feminino,Manager,7,62,2,3.84,9,Não
Nina Chen,24,Feminino,Manager,0,70,52,2.59,1,Não
Kate Garcia,47,Masculino,Analyst,2,33,85,4.6,2,Não
Nina Chen,57,Feminino,Manager,35,50,92,1.95,8,Não
Dina Ivanov,59,Masculino,HR,20,51,43,3.9,4,Não
Kate Kim,27,Feminino,Engineer,2,50,21,2.96,2,Não
Dina Kim,54,Feminino,Sales,18,52,1,3.25,9,Não
Alex Brown,52,Feminino,Sales,11,52,43,2.64,6,Não
Nina Lee,34,Feminino,Engineer,13,48,43,2.62,5,Não
Lily Petrov,34,Masculino,Manager,12,61,27,4.17,2,Não
Kate Ivanov,38,Masculino,Engineer,1,37,80,2.56,7,Não
Sam Johnson,41,Feminino,Analyst,1,60,55,1.11,2,Não
Max Petrov,49,Masculino,Analyst,28,47,18,1.93,9,Não
Kate Garcia,50,Feminino,Engineer,6,34,62,3.71,4,Não
Max Ivanov,39,Masculino,Sales,18,50,17,3.08,6,Não
Sam Kim,34,Feminino,HR,13,52,49,1.2,9,Sim
Kate Garcia,43,Masculino,Sales,18,46,1,2.57,7,Não
Leo Wang,37,Masculino,Engineer,3,54,84,3.64,4,Não
Max Lee,33,Masculino,Analyst,11,69,7,4.43,10,Não
Sam Smith,53,Feminino,Manager,10,45,49,3.09,4,Não
Alex Lee,55,Masculino,Sales,13,68,68,1.9,1,Não
Max Chen,40,Feminino,Engineer,9,52,8,2.74,10,Sim
Leo Lee,31,Masculino,HR,3,44,20,4.91,3,Não
Ivan Brown,51,Masculino,Analyst,18,41,45,2.08,5,Não
Sam Brown,47,Feminino,Analyst,4,34,28,2.61,4,Não
Max Smith,28,Masculino,Manager,7,54,7,2.56,5,Não
Lily Ivanov,34,Masculino,Sales,8,34,93,3.68,5,Não
John Chen,46,Masculino,Manager,24,54,88,1.48,2,Não
Alex Garcia,54,Feminino,Analyst,5,47,93,1.33,1,Não
Nina Kim,59,Masculino,Manager,12,55,38,1.97,8,Sim
Max Ivanov,24,Feminino,Sales,3,48,2,4.73,6,Não
Leo Wang,25,Feminino,HR,3,48,86,1.63,7,Não
Ivan Lee,32,Feminino,Sales,0,63,2,2.33,10,Sim
Kate Johnson,34,Masculino,Engineer,4,47,86,4.72,4,Não
Max Garcia,57,Masculino,Analyst,7,46,83,4.19,9,Não
Sam Kim,25,Feminino,Analyst,4,31,5,3.79,7,Não
Dina Petrov,53,Feminino,HR,25,69,83,1.1,5,Não
Nina Kim,58,Feminino,HR,5,31,37,2.07,10,Não
Ivan Petrov,39,Masculino,Manager,10,70,38,2.3,7,Não
Max Garcia,42,Masculino,Manager,8,58,7,3.03,8,Não
Max Ivanov,48,Feminino,Manager,23,47,37,4.41,9,Não
Max Ivanov,28,Masculino,Analyst,0,56,36,2.41,2,Não
Nina Chen,57,Masculino,Manager,25,56,72,1.03,6,Não
Alex Smith,44,Feminino,Manager,3,36,42,4.72,8,Não
Leo Ivanov,45,Masculino,Engineer,4,58,29,4.86,9,Não
John Lee,29,Masculino,HR,5,37,28,3.3,8,Não
Max Lee,22,Masculino,Sales,1,47,65,3.81,6,Não
Alex Wang,53,Feminino,Analyst,27,68,22,1.65,4,Não
Leo Chen,26,Feminino,Engineer,3,40,66,4.33,9,Não
Dina Chen,24,Feminino,Sales,2,38,8,2.09,8,Não
Dina Lee,25,Masculino,Manager,1,55,100,3.47,4,Não
Ivan Garcia,57,Masculino,Manager,21,47,40,4.36,4,Não
Nina Ivanov,39,Masculino,Sales,0,65,3,1.13,1,Não
Leo Brown,24,Masculino,Sales,1,57,2,2.05,9,Sim
Ivan Kim,26,Feminino,Sales,1,35,72,1.44,7,Não
Kate Lee,49,Masculino,Sales,28,55,24,4.12,2,Não
John Garcia,57,Feminino,Engineer,25,46,97,3.29,3,Não
Dina Johnson,24,Feminino,Engineer,0,33,86,2.16,10,Não
Ivan Ivanov,40,Feminino,HR,2,55,53,4.43,1,Não
John Kim,33,Feminino,Sales,6,45,69,2.53,7,Não
Ivan Brown,60,Masculino,Manager,38,32,29,2.09,5,Não
Kate Petrov,45,Feminino,Sales,5,53,48,2.05,10,Sim
John Ivanov,30,Masculino,Analyst,5,62,41,3.66,4,Não
Alex Garcia,41,Masculino,Analyst,2,46,28,2.66,7,Não
Lily Petrov,37,Masculino,Engineer,9,58,57,4.74,1,Não
Max Kim,41,Feminino,HR,1,58,72,3.52,3,Não
Alex Chen,24,Feminino,Engineer,1,57,10,1.44,6,Não
John Ivanov,29,Feminino,Manager,5,33,1,4.06,2,Não
Alex Lee,35,Feminino,Manager,11,46,18,3.11,6,Não
Alex Smith,58,Feminino,Engineer,12,58,15,4.64,6,Não
Sam Lee,39,Masculino,Manager,13,46,67,1.21,5,Não
Max Johnson,34,Feminino,Manager,9,65,38,3.39,8,Não
Kate Chen,59,Masculino,Sales,3,33,9,4.98,3,Não
Kate Brown,39,Masculino,Manager,0,36,31,1.32,2,Não
Max Lee,45,Feminino,Analyst,3,59,95,1.19,8,Sim
Max Ivanov,60,Masculino,Manager,16,58,14,1.07,5,Não
John Johnson,23,Feminino,HR,0,69,47,2.0,10,Sim
Nina Lee,42,Feminino,Sales,18,42,21,2.4,10,Não
Lily Petrov,22,Feminino,Manager,1,65,87,3.25,3,Não
Alex Chen,35,Feminino,Manager,13,70,88,2.2,1,Não
Nina Kim,48,Masculino,HR,23,53,1,4.25,1,Não
Max Wang,56,Feminino,HR,6,43,2,4.54,4,Não
Leo Wang,25,Feminino,Sales,2,36,10,4.73,4,Não
John Wang,40,Feminino,HR,3,33,97,1.75,6,Não
Dina Ivanov,26,Masculino,Manager,5,31,42,2.92,8,Não
Lily Lee,38,Masculino,HR,11,42,38,3.63,2,Não
Lily Kim,47,Masculino,Manager,3,56,5,4.04,8,Não
Max Petrov,35,Masculino,Engineer,3,64,58,1.07,2,Não
Nina Lee,24,Masculino,Manager,1,63,71,2.8,8,Sim
Sam Garcia,25,Feminino,Engineer,1,62,8,2.07,2,Não
John Ivanov,59,Masculino,Manager,0,40,56,4.08,4,Não
Kate Smith,43,Masculino,Analyst,1,44,27,4.42,10,Não
Nina Johnson,29,Feminino,Manager,8,59,74,1.59,8,Sim
Max Chen,49,Masculino,Analyst,21,46,89,1.08,1,Não
Max Brown,49,Masculino,Analyst,26,30,93,2.45,9,Não
Alex Johnson,23,Masculino,Engineer,2,65,41,1.3,2,Não
Sam Brown,59,Feminino,Engineer,33,58,12,3.87,1,Não
Alex Petrov,57,Feminino,HR,9,31,98,3.91,9,Não
Nina Chen,22,Masculino,HR,0,69,34,4.11,9,Não
John Garcia,46,Feminino,Engineer,22,68,24,3.81,5,Não
Lily Wang,47,Masculino,Engineer,14,61,98,2.42,4,Não
Kate Smith,43,Masculino,Manager,3,33,43,1.35,10,Não
Max Ivanov,45,Masculino,Sales,20,57,50,1.88,10,Sim
Kate Johnson,54,Masculino,Analyst,15,54,20,1.62,8,Sim
Leo Lee,34,Feminino,Analyst,8,47,84,2.85,10,Não
Dina Wang,40,Feminino,Manager,13,44,48,2.74,2,Não
Lily Johnson,48,Feminino,Engineer,9,66,82,2.68,5,Não
Nina Wang,33,Masculino,Analyst,5,36,77,2.63,5,Não
Max Wang,32,Masculino,Sales,7,52,6,1.54,9,Sim
Sam Chen,42,Masculino,HR,13,35,22,4.08,7,Não
Nina Smith,47,Masculino,Engineer,22,52,68,4.01,9,Não
Ivan Garcia,51,Feminino,HR,13,33,74,3.42,2,Não
Ivan Garcia,29,Feminino,Sales,5,42,32,2.28,3,Não
Lily Wang,57,Masculino,Engineer,33,69,31,4.04,4,Não
Lily Brown,56,Masculino,Analyst,25,46,88,4.33,6,Não
Leo Lee,40,Feminino,Manager,2,47,81,4.44,4,Não
Nina Brown,60,Masculino,Manager,31,44,52,2.9,10,Não
Alex Chen,47,Feminino,Sales,5,46,62,2.74,1,Não
Leo Chen,53,Feminino,Analyst,14,57,54,2.79,7,Não
Ivan Johnson,30,Masculino,Sales,9,67,96,2.32,8,Sim
John Chen,28,Feminino,HR,1,70,5,3.34,3,Não
Lily Lee,55,Feminino,HR,30,66,72,1.45,2,Não
Dina Lee,46,Masculino,Sales,8,47,41,2.11,4,Não
Max Wang,50,Feminino,HR,12,45,70,1.13,5,Não
Nina Petrov,51,Feminino,Manager,3,47,22,3.61,7,Não
Lily Ivanov,56,Feminino,HR,21,40,54,3.18,9,Não
Lily Ivanov,35,Feminino,Sales,3,62,75,3.04,9,Não
Sam Petrov,58,Masculino,Engineer,7,69,69,3.91,9,Não
Alex Brown,40,Feminino,Analyst,14,60,28,1.89,8,Sim
Ivan Brown,45,Masculino,Engineer,3,47,38,2.83,2,Não
Sam Wang,30,Masculino,HR,4,58,5,3.93,2,Não
Leo Brown,32,Feminino,Engineer,10,35,15,3.17,4,Não
Lily Lee,56,Feminino,Analyst,20,61,82,2.49,8,Sim
Sam Brown,52,Masculino,HR,2,40,34,3.0,4,Não
Max Chen,58,Feminino,Analyst,22,53,29,4.27,10,Não
Sam Chen,39,Masculino,Manager,17,52,15,4.04,1,Não
Lily Smith,41,Feminino,Manager,11,67,100,4.13,10,Não
Lily Smith,38,Masculino,Analyst,16,66,21,1.59,1,Não
Max Ivanov,40,Feminino,HR,17,36,17,3.64,8,Não
Sam Smith,47,Masculino,Engineer,14,63,90,3.39,6,Não
Leo Ivanov,22,Feminino,Sales,1,69,28,4.72,1,Não
John Brown,40,Masculino,Analyst,10,36,55,2.51,7,Não
John Garcia,33,Feminino,HR,8,63,78,4.51,7,Não
Lily Brown,38,Masculino,Engineer,0,38,40,4.1,9,Não
Nina Brown,50,Feminino,HR,18,62,17,4.57,7,Não
Kate Kim,36,Masculino,Sales,11,65,43,3.94,10,Não
Leo Brown,30,Feminino,Manager,8,46,51,4.78,3,Não
Dina Johnson,44,Feminino,Sales,14,42,59,3.21,2,Não
Alex Smith,57,Feminino,Engineer,20,51,45,2.34,2,Não
Lily Chen,39,Masculino,Analyst,14,49,80,1.29,6,Não
John Chen,47,Feminino,Sales,24,46,34,1.71,5,Não
Ivan Ivanov,24,Feminino,Analyst,3,63,36,2.12,6,Não
John Johnson,54,Masculino,Engineer,15,33,19,1.29,6,Não
Alex Petrov,30,Masculino,Engineer,7,59,67,2.31,4,Não
Ivan Smith,43,Feminino,HR,9,39,18,3.56,2,Não
Ivan Brown,53,Feminino,Manager,3,65,16,4.66,5,Não
Dina Johnson,39,Masculino,Analyst,18,45,31,4.6,5,Não
Alex Ivanov,32,Masculino,Sales,5,39,82,3.96,4,Não
Sam Petrov,36,Masculino,Analyst,13,47,22,1.37,8,Não
Kate Johnson,28,Feminino,Sales,5,39,72,2.7,8,Não
Nina Wang,43,Feminino,Analyst,0,64,69,3.52,1,Não
Ivan Smith,56,Masculino,Analyst,30,50,17,4.17,8,Não
Ivan Johnson,45,Masculino,Manager,20,30,92,2.79,7,Não
Leo Ivanov,60,Feminino,Engineer,36,48,35,3.52,4,Não
Kate Wang,33,Feminino,HR,8,70,81,4.14,5,Não
Ivan Wang,56,Masculino,Engineer,35,46,30,4.07,1,Não
Dina Smith,24,Masculino,HR,3,42,46,4.18,4,Não
Max Petrov,30,Feminino,HR,7,39,76,4.19,6,Não
Alex Brown,26,Feminino,Manager,2,50,10,4.9,10,Não
Max Chen,24,Masculino,Analyst,2,33,59,1.59,2,Não
Nina Chen,55,Masculino,Manager,31,52,33,3.87,2,Não
Max Lee,28,Masculino,Analyst,2,46,0,3.85,8,Não
Leo Wang,59,Masculino,HR,29,65,2,2.47,6,Não
John Ivanov,27,Masculino,Analyst,1,31,86,3.18,10,Não
John Petrov,53,Masculino,Sales,25,59,48,2.09,8,Sim
Leo Smith,47,Feminino,Engineer,12,36,54,1.4,2,Não
Leo Johnson,56,Masculino,Analyst,11,52,5,1.38,5,Não
Dina Smith,35,Masculino,HR,1,45,1,3.49,4,Não
Ivan Chen,31,Masculino,Engineer,9,33,88,1.78,6,Não
John Garcia,53,Masculino,HR,26,43,59,3.17,5,Não
Sam Smith,32,Feminino,Manager,0,45,46,3.82,3,Não
Alex Lee,36,Feminino,Sales,11,53,56,4.5,6,Não
John Chen,38,Feminino,Engineer,15,42,47,4.59,5,Não
John Brown,29,Masculino,Engineer,4,70,34,4.42,7,Não
Alex Lee,52,Masculino,HR,10,49,86,4.98,10,Não
Dina Smith,30,Feminino,Manager,5,56,89,4.6,9,Não
John Garcia,24,Masculino,Sales,1,69,7,1.75,1,Não
Dina Lee,39,Masculino,Analyst,2,52,22,3.53,4,Não
Dina Garcia,23,Masculino,Engineer,1,49,53,4.71,5,Não
Dina Kim,27,Masculino,Manager,2,47,32,1.85,1,Não
Lily Chen,33,Masculino,Analyst,8,61,15,2.67,8,Sim
Leo Kim,49,Masculino,Sales,26,39,54,4.78,9,Não
Max Brown,25,Feminino,HR,3,63,96,4.88,10,Não
John Lee,54,Feminino,Manager,30,57,47,2.79,10,Sim
Sam Brown,30,Masculino,Engineer,5,53,86,2.52,2,Não
Leo Wang,23,Masculino,Analyst,1,46,85,3.61,6,Não
Dina Kim,50,Masculino,HR,27,57,32,4.07,4,Não
Alex Ivanov,26,Feminino,Sales,4,49,41,4.17,4,Não
Ivan Wang,46,Feminino,Manager,13,35,14,1.1,8,Não
Nina Lee,36,Feminino,Sales,3,69,85,3.51,2,Não
Alex Johnson,26,Masculino,HR,2,51,85,1.01,1,Não
Ivan Brown,31,Feminino,Manager,0,57,66,4.29,7,Não
Dina Wang,37,Feminino,Manager,12,58,70,4.68,6,Não
Ivan Smith,27,Feminino,Sales,3,54,0,4.49,6,Não
Lily Brown,45,Masculino,Analyst,0,32,32,3.78,10,Não
Leo Ivanov,30,Feminino,Engineer,7,70,93,2.68,1,Não
Leo Brown,41,Feminino,Manager,4,63,17,3.4,4,Não
Alex Brown,23,Feminino,HR,2,39,20,4.67,9,Não
Nina Wang,31,Feminino,HR,10,39,4,4.1,4,Não
Kate Lee,25,Masculino,HR,0,40,57,2.11,4,Não
Lily Petrov,49,Feminino,Engineer,13,65,22,4.36,8,Não
